Source,Target,Type,Id,Label,timeset,Weight
1285,3211,Undirected,3926,,,1
468,2914,Undirected,3927,,,1
416,3825,Undirected,3928,,,1
126,2566,Undirected,3929,,,1
126,1329,Undirected,3930,,,1
288,3831,Undirected,3931,,,1
407,2203,Undirected,3932,,,1
473,3720,Undirected,3933,,,1
282,1338,Undirected,3934,,,1
282,1339,Undirected,3935,,,1
282,2851,Undirected,3936,,,1
686,2814,Undirected,3937,,,1
575,3609,Undirected,3938,,,1
575,1348,Undirected,3939,,,1
199,3160,Undirected,3940,,,1
199,3161,Undirected,3941,,,1
199,3248,Undirected,3942,,,1
199,3292,Undirected,3943,,,1
112,3780,Undirected,3944,,,1
113,3780,Undirected,3945,,,1
113,2309,Undirected,3946,,,1
113,1361,Undirected,3947,,,1
62,3571,Undirected,3948,,,1
923,3931,Undirected,3949,,,1
542,1631,Undirected,3950,,,1
466,2105,Undirected,3951,,,1
466,3730,Undirected,3952,,,1
77,3712,Undirected,3953,,,1
856,1394,Undirected,3954,,,1
856,3830,Undirected,3955,,,1
856,1396,Undirected,3956,,,1
643,3554,Undirected,3957,,,1
545,1402,Undirected,3958,,,1
545,2974,Undirected,3959,,,1
664,1515,Undirected,3960,,,1
157,2966,Undirected,3961,,,1
30,1420,Undirected,3962,,,1
30,1421,Undirected,3963,,,1
30,3553,Undirected,3964,,,1
30,3539,Undirected,3965,,,1
30,1424,Undirected,3966,,,1
30,3985,Undirected,3967,,,1
30,3057,Undirected,3968,,,1
30,3904,Undirected,3969,,,1
30,1428,Undirected,3970,,,1
30,3331,Undirected,3971,,,1
30,1430,Undirected,3972,,,1
30,1431,Undirected,3973,,,1
1080,2120,Undirected,3974,,,1
120,2565,Undirected,3975,,,1
120,3539,Undirected,3976,,,1
120,2105,Undirected,3977,,,1
120,1442,Undirected,3978,,,1
120,1443,Undirected,3979,,,1
120,2120,Undirected,3980,,,1
367,2819,Undirected,3981,,,1
367,1446,Undirected,3982,,,1
367,1447,Undirected,3983,,,1
367,1448,Undirected,3984,,,1
367,3636,Undirected,3985,,,1
367,3619,Undirected,3986,,,1
136,3631,Undirected,3987,,,1
41,1455,Undirected,3988,,,1
41,1456,Undirected,3989,,,1
41,1457,Undirected,3990,,,1
41,1458,Undirected,3991,,,1
41,3505,Undirected,3992,,,1
41,1460,Undirected,3993,,,1
41,3627,Undirected,3994,,,1
41,1462,Undirected,3995,,,1
41,1463,Undirected,3996,,,1
765,3488,Undirected,3997,,,1
765,1465,Undirected,3998,,,1
770,3895,Undirected,3999,,,1
365,3985,Undirected,4000,,,1
872,3958,Undirected,4001,,,1
644,3554,Undirected,4002,,,1
441,1660,Undirected,4003,,,1
441,3511,Undirected,4004,,,1
441,1477,Undirected,4005,,,1
441,1763,Undirected,4006,,,1
1002,3191,Undirected,4007,,,1
453,3842,Undirected,4008,,,1
480,3523,Undirected,4009,,,1
121,2565,Undirected,4010,,,1
121,2507,Undirected,4011,,,1
121,1491,Undirected,4012,,,1
121,1492,Undirected,4013,,,1
637,2550,Undirected,4014,,,1
134,1623,Undirected,4015,,,1
402,3599,Undirected,4016,,,1
402,1501,Undirected,4017,,,1
402,3812,Undirected,4018,,,1
1148,3659,Undirected,4019,,,1
1245,1552,Undirected,4020,,,1
1245,2932,Undirected,4021,,,1
68,3168,Undirected,4022,,,1
68,1533,Undirected,4023,,,1
68,1512,Undirected,4024,,,1
68,1513,Undirected,4025,,,1
68,1514,Undirected,4026,,,1
68,1515,Undirected,4027,,,1
68,1516,Undirected,4028,,,1
68,3567,Undirected,4029,,,1
68,1518,Undirected,4030,,,1
68,3344,Undirected,4031,,,1
68,2625,Undirected,4032,,,1
68,1521,Undirected,4033,,,1
68,1522,Undirected,4034,,,1
219,2182,Undirected,4035,,,1
219,1524,Undirected,4036,,,1
219,1525,Undirected,4037,,,1
219,1526,Undirected,4038,,,1
219,1527,Undirected,4039,,,1
154,3708,Undirected,4040,,,1
154,1529,Undirected,4041,,,1
408,2203,Undirected,4042,,,1
408,3653,Undirected,4043,,,1
98,1533,Undirected,4044,,,1
661,1534,Undirected,4045,,,1
661,1535,Undirected,4046,,,1
661,3344,Undirected,4047,,,1
661,3117,Undirected,4048,,,1
661,1538,Undirected,4049,,,1
327,3713,Undirected,4050,,,1
327,1541,Undirected,4051,,,1
327,2816,Undirected,4052,,,1
327,1727,Undirected,4053,,,1
327,2818,Undirected,4054,,,1
328,3713,Undirected,4055,,,1
328,3913,Undirected,4056,,,1
328,1548,Undirected,4057,,,1
570,1550,Undirected,4058,,,1
570,3488,Undirected,4059,,,1
570,1552,Undirected,4060,,,1
570,2932,Undirected,4061,,,1
119,1554,Undirected,4062,,,1
119,3662,Undirected,4063,,,1
119,2437,Undirected,4064,,,1
119,3159,Undirected,4065,,,1
490,3511,Undirected,4066,,,1
941,3806,Undirected,4067,,,1
778,3980,Undirected,4068,,,1
778,1573,Undirected,4069,,,1
778,1574,Undirected,4070,,,1
778,3841,Undirected,4071,,,1
778,1576,Undirected,4072,,,1
1033,3158,Undirected,4073,,,1
555,3821,Undirected,4074,,,1
938,3894,Undirected,4075,,,1
938,3288,Undirected,4076,,,1
938,1586,Undirected,4077,,,1
938,2887,Undirected,4078,,,1
481,3523,Undirected,4079,,,1
385,2099,Undirected,4080,,,1
385,3082,Undirected,4081,,,1
380,2747,Undirected,4082,,,1
69,3168,Undirected,4083,,,1
1306,3446,Undirected,4084,,,1
474,3720,Undirected,4085,,,1
474,3738,Undirected,4086,,,1
474,3677,Undirected,4087,,,1
474,3485,Undirected,4088,,,1
48,1621,Undirected,4089,,,1
48,1622,Undirected,4090,,,1
48,1623,Undirected,4091,,,1
48,1624,Undirected,4092,,,1
48,1625,Undirected,4093,,,1
48,1626,Undirected,4094,,,1
48,1627,Undirected,4095,,,1
48,1628,Undirected,4096,,,1
48,1629,Undirected,4097,,,1
48,1630,Undirected,4098,,,1
48,1631,Undirected,4099,,,1
48,1632,Undirected,4100,,,1
48,1633,Undirected,4101,,,1
48,2856,Undirected,4102,,,1
48,1635,Undirected,4103,,,1
48,1636,Undirected,4104,,,1
48,1637,Undirected,4105,,,1
48,3506,Undirected,4106,,,1
48,3974,Undirected,4107,,,1
48,1640,Undirected,4108,,,1
48,1641,Undirected,4109,,,1
48,1642,Undirected,4110,,,1
48,1643,Undirected,4111,,,1
743,3805,Undirected,4112,,,1
965,3467,Undirected,4113,,,1
442,1660,Undirected,4114,,,1
137,3631,Undirected,4115,,,1
137,3708,Undirected,4116,,,1
137,1663,Undirected,4117,,,1
137,3278,Undirected,4118,,,1
137,3852,Undirected,4119,,,1
137,3246,Undirected,4120,,,1
137,3677,Undirected,4121,,,1
137,3492,Undirected,4122,,,1
137,1669,Undirected,4123,,,1
137,3251,Undirected,4124,,,1
137,1671,Undirected,4125,,,1
137,3957,Undirected,4126,,,1
137,1673,Undirected,4127,,,1
137,2899,Undirected,4128,,,1
137,2840,Undirected,4129,,,1
137,1676,Undirected,4130,,,1
137,1677,Undirected,4131,,,1
137,3397,Undirected,4132,,,1
137,2253,Undirected,4133,,,1
977,3943,Undirected,4134,,,1
958,3917,Undirected,4135,,,1
208,1687,Undirected,4136,,,1
208,1688,Undirected,4137,,,1
208,1689,Undirected,4138,,,1
208,1690,Undirected,4139,,,1
208,1691,Undirected,4140,,,1
208,1692,Undirected,4141,,,1
208,1693,Undirected,4142,,,1
208,1694,Undirected,4143,,,1
208,3951,Undirected,4144,,,1
208,1696,Undirected,4145,,,1
208,1697,Undirected,4146,,,1
208,1698,Undirected,4147,,,1
208,1699,Undirected,4148,,,1
784,3781,Undirected,4149,,,1
784,3250,Undirected,4150,,,1
283,3236,Undirected,4151,,,1
485,1709,Undirected,4152,,,1
485,3249,Undirected,4153,,,1
954,3288,Undirected,4154,,,1
986,3325,Undirected,4155,,,1
54,1719,Undirected,4156,,,1
54,3514,Undirected,4157,,,1
54,2722,Undirected,4158,,,1
54,3080,Undirected,4159,,,1
54,2099,Undirected,4160,,,1
54,2000,Undirected,4161,,,1
54,2792,Undirected,4162,,,1
54,1726,Undirected,4163,,,1
54,1727,Undirected,4164,,,1
54,3896,Undirected,4165,,,1
54,1729,Undirected,4166,,,1
54,1730,Undirected,4167,,,1
54,1731,Undirected,4168,,,1
54,3023,Undirected,4169,,,1
54,3158,Undirected,4170,,,1
54,1734,Undirected,4171,,,1
54,1735,Undirected,4172,,,1
54,1736,Undirected,4173,,,1
54,1737,Undirected,4174,,,1
54,3025,Undirected,4175,,,1
54,1739,Undirected,4176,,,1
54,3027,Undirected,4177,,,1
54,1741,Undirected,4178,,,1
54,3860,Undirected,4179,,,1
54,1743,Undirected,4180,,,1
815,3772,Undirected,4181,,,1
815,3931,Undirected,4182,,,1
1081,2120,Undirected,4183,,,1
325,1750,Undirected,4184,,,1
325,3079,Undirected,4185,,,1
325,1752,Undirected,4186,,,1
325,1753,Undirected,4187,,,1
325,1754,Undirected,4188,,,1
325,1755,Undirected,4189,,,1
325,1756,Undirected,4190,,,1
325,1757,Undirected,4191,,,1
325,1758,Undirected,4192,,,1
325,1759,Undirected,4193,,,1
325,1760,Undirected,4194,,,1
325,1761,Undirected,4195,,,1
325,3958,Undirected,4196,,,1
325,1763,Undirected,4197,,,1
325,1764,Undirected,4198,,,1
187,3189,Undirected,4199,,,1
187,3581,Undirected,4200,,,1
187,2462,Undirected,4201,,,1
187,3921,Undirected,4202,,,1
187,3120,Undirected,4203,,,1
210,3638,Undirected,4204,,,1
210,2569,Undirected,4205,,,1
36,3704,Undirected,4206,,,1
36,1776,Undirected,4207,,,1
475,3720,Undirected,4208,,,1
390,1792,Undirected,4209,,,1
390,3129,Undirected,4210,,,1
390,3632,Undirected,4211,,,1
390,1795,Undirected,4212,,,1
390,3813,Undirected,4213,,,1
390,3130,Undirected,4214,,,1
390,3519,Undirected,4215,,,1
390,1799,Undirected,4216,,,1
390,3520,Undirected,4217,,,1
390,1801,Undirected,4218,,,1
390,1802,Undirected,4219,,,1
390,1803,Undirected,4220,,,1
390,1804,Undirected,4221,,,1
390,1805,Undirected,4222,,,1
390,1806,Undirected,4223,,,1
390,1807,Undirected,4224,,,1
390,1808,Undirected,4225,,,1
390,1809,Undirected,4226,,,1
796,3858,Undirected,4227,,,1
796,3887,Undirected,4228,,,1
796,1852,Undirected,4229,,,1
828,3164,Undirected,4230,,,1
969,2920,Undirected,4231,,,1
873,3958,Undirected,4232,,,1
873,3608,Undirected,4233,,,1
114,3780,Undirected,4234,,,1
114,3709,Undirected,4235,,,1
114,3823,Undirected,4236,,,1
114,3160,Undirected,4237,,,1
114,1868,Undirected,4238,,,1
114,1869,Undirected,4239,,,1
114,3335,Undirected,4240,,,1
114,1871,Undirected,4241,,,1
114,3522,Undirected,4242,,,1
114,3720,Undirected,4243,,,1
114,3249,Undirected,4244,,,1
114,1875,Undirected,4245,,,1
114,3781,Undirected,4246,,,1
114,3250,Undirected,4247,,,1
114,2309,Undirected,4248,,,1
114,1879,Undirected,4249,,,1
114,1880,Undirected,4250,,,1
114,2441,Undirected,4251,,,1
114,3251,Undirected,4252,,,1
114,1883,Undirected,4253,,,1
114,1884,Undirected,4254,,,1
114,3782,Undirected,4255,,,1
114,1886,Undirected,4256,,,1
114,1887,Undirected,4257,,,1
114,1888,Undirected,4258,,,1
114,2809,Undirected,4259,,,1
114,3957,Undirected,4260,,,1
114,3204,Undirected,4261,,,1
114,2840,Undirected,4262,,,1
114,3580,Undirected,4263,,,1
114,1894,Undirected,4264,,,1
114,2842,Undirected,4265,,,1
114,1896,Undirected,4266,,,1
114,3446,Undirected,4267,,,1
961,3921,Undirected,4268,,,1
42,3915,Undirected,4269,,,1
42,3459,Undirected,4270,,,1
42,1907,Undirected,4271,,,1
42,2711,Undirected,4272,,,1
42,3472,Undirected,4273,,,1
42,3481,Undirected,4274,,,1
42,2715,Undirected,4275,,,1
1289,3801,Undirected,4276,,,1
122,2565,Undirected,4277,,,1
122,2285,Undirected,4278,,,1
122,1935,Undirected,4279,,,1
122,1936,Undirected,4280,,,1
122,1937,Undirected,4281,,,1
122,2685,Undirected,4282,,,1
122,1939,Undirected,4283,,,1
37,3704,Undirected,4284,,,1
37,1942,Undirected,4285,,,1
37,1943,Undirected,4286,,,1
37,1944,Undirected,4287,,,1
37,1945,Undirected,4288,,,1
37,1946,Undirected,4289,,,1
633,3738,Undirected,4290,,,1
342,3146,Undirected,4291,,,1
191,3356,Undirected,4292,,,1
191,3806,Undirected,4293,,,1
322,1955,Undirected,4294,,,1
322,3078,Undirected,4295,,,1
974,3283,Undirected,4296,,,1
1227,2685,Undirected,4297,,,1
871,3828,Undirected,4298,,,1
482,3523,Undirected,4299,,,1
483,3523,Undirected,4300,,,1
483,3286,Undirected,4301,,,1
231,3514,Undirected,4302,,,1
616,1967,Undirected,4303,,,1
616,3377,Undirected,4304,,,1
476,3720,Undirected,4305,,,1
476,3523,Undirected,4306,,,1
165,3192,Undirected,4307,,,1
165,3851,Undirected,4308,,,1
165,2850,Undirected,4309,,,1
702,3792,Undirected,4310,,,1
55,1990,Undirected,4311,,,1
55,3712,Undirected,4312,,,1
55,1992,Undirected,4313,,,1
55,3844,Undirected,4314,,,1
55,1994,Undirected,4315,,,1
55,2985,Undirected,4316,,,1
55,1996,Undirected,4317,,,1
55,2904,Undirected,4318,,,1
55,1998,Undirected,4319,,,1
55,2049,Undirected,4320,,,1
55,2000,Undirected,4321,,,1
55,3821,Undirected,4322,,,1
55,2214,Undirected,4323,,,1
55,3555,Undirected,4324,,,1
55,2004,Undirected,4325,,,1
55,2005,Undirected,4326,,,1
55,3795,Undirected,4327,,,1
55,3306,Undirected,4328,,,1
55,2008,Undirected,4329,,,1
55,2009,Undirected,4330,,,1
55,2010,Undirected,4331,,,1
55,2011,Undirected,4332,,,1
55,2012,Undirected,4333,,,1
55,3798,Undirected,4334,,,1
55,2127,Undirected,4335,,,1
55,2015,Undirected,4336,,,1
55,2016,Undirected,4337,,,1
55,2017,Undirected,4338,,,1
55,2018,Undirected,4339,,,1
55,2019,Undirected,4340,,,1
55,3799,Undirected,4341,,,1
55,2021,Undirected,4342,,,1
55,3800,Undirected,4343,,,1
55,2023,Undirected,4344,,,1
55,2024,Undirected,4345,,,1
55,2025,Undirected,4346,,,1
55,2026,Undirected,4347,,,1
55,2027,Undirected,4348,,,1
55,2028,Undirected,4349,,,1
55,2029,Undirected,4350,,,1
55,2030,Undirected,4351,,,1
419,3129,Undirected,4352,,,1
419,3519,Undirected,4353,,,1
419,3520,Undirected,4354,,,1
419,2035,Undirected,4355,,,1
751,3706,Undirected,4356,,,1
751,3331,Undirected,4357,,,1
751,2039,Undirected,4358,,,1
751,3293,Undirected,4359,,,1
751,3567,Undirected,4360,,,1
751,2042,Undirected,4361,,,1
405,2049,Undirected,4362,,,1
406,2049,Undirected,4363,,,1
1099,3854,Undirected,4364,,,1
882,2907,Undirected,4365,,,1
115,3780,Undirected,4366,,,1
87,2055,Undirected,4367,,,1
87,3985,Undirected,4368,,,1
87,2057,Undirected,4369,,,1
87,2979,Undirected,4370,,,1
87,2059,Undirected,4371,,,1
87,2980,Undirected,4372,,,1
87,3429,Undirected,4373,,,1
87,3928,Undirected,4374,,,1
87,2063,Undirected,4375,,,1
87,3930,Undirected,4376,,,1
87,2065,Undirected,4377,,,1
87,3220,Undirected,4378,,,1
87,3180,Undirected,4379,,,1
87,2254,Undirected,4380,,,1
87,2069,Undirected,4381,,,1
87,2576,Undirected,4382,,,1
87,2983,Undirected,4383,,,1
87,2984,Undirected,4384,,,1
87,2073,Undirected,4385,,,1
87,2074,Undirected,4386,,,1
87,2075,Undirected,4387,,,1
87,2076,Undirected,4388,,,1
87,3702,Undirected,4389,,,1
87,2635,Undirected,4390,,,1
87,2555,Undirected,4391,,,1
87,2080,Undirected,4392,,,1
87,2081,Undirected,4393,,,1
409,2203,Undirected,4394,,,1
403,3599,Undirected,4395,,,1
284,3236,Undirected,4396,,,1
363,3289,Undirected,4397,,,1
386,2099,Undirected,4398,,,1
535,2847,Undirected,4399,,,1
467,2105,Undirected,4400,,,1
467,3730,Undirected,4401,,,1
467,3731,Undirected,4402,,,1
1082,2120,Undirected,4403,,,1
301,3759,Undirected,4404,,,1
414,2122,Undirected,4405,,,1
414,2123,Undirected,4406,,,1
414,2124,Undirected,4407,,,1
414,3887,Undirected,4408,,,1
414,2640,Undirected,4409,,,1
414,2127,Undirected,4410,,,1
414,2128,Undirected,4411,,,1
414,2129,Undirected,4412,,,1
454,3842,Undirected,4413,,,1
454,3958,Undirected,4414,,,1
285,3236,Undirected,4415,,,1
285,3237,Undirected,4416,,,1
285,3892,Undirected,4417,,,1
285,2136,Undirected,4418,,,1
285,2137,Undirected,4419,,,1
285,3142,Undirected,4420,,,1
285,2139,Undirected,4421,,,1
285,2140,Undirected,4422,,,1
285,2141,Undirected,4423,,,1
429,2143,Undirected,4424,,,1
429,3974,Undirected,4425,,,1
429,3626,Undirected,4426,,,1
429,3627,Undirected,4427,,,1
426,2149,Undirected,4428,,,1
426,2792,Undirected,4429,,,1
902,2434,Undirected,4430,,,1
248,3246,Undirected,4431,,,1
248,3249,Undirected,4432,,,1
248,2157,Undirected,4433,,,1
248,3806,Undirected,4434,,,1
1181,3477,Undirected,4435,,,1
888,3306,Undirected,4436,,,1
302,3759,Undirected,4437,,,1
302,2169,Undirected,4438,,,1
302,3599,Undirected,4439,,,1
302,2171,Undirected,4440,,,1
302,2172,Undirected,4441,,,1
302,2173,Undirected,4442,,,1
302,2174,Undirected,4443,,,1
302,2705,Undirected,4444,,,1
302,2176,Undirected,4445,,,1
302,2177,Undirected,4446,,,1
302,3020,Undirected,4447,,,1
703,3792,Undirected,4448,,,1
703,2180,Undirected,4449,,,1
703,3143,Undirected,4450,,,1
220,2182,Undirected,4451,,,1
220,3145,Undirected,4452,,,1
220,2184,Undirected,4453,,,1
220,2185,Undirected,4454,,,1
220,2186,Undirected,4455,,,1
220,2187,Undirected,4456,,,1
220,3070,Undirected,4457,,,1
220,3074,Undirected,4458,,,1
220,2190,Undirected,4459,,,1
220,2191,Undirected,4460,,,1
220,2192,Undirected,4461,,,1
220,2193,Undirected,4462,,,1
220,2194,Undirected,4463,,,1
220,2195,Undirected,4464,,,1
220,2335,Undirected,4465,,,1
220,2197,Undirected,4466,,,1
220,2198,Undirected,4467,,,1
306,2199,Undirected,4468,,,1
306,2651,Undirected,4469,,,1
306,2652,Undirected,4470,,,1
306,3403,Undirected,4471,,,1
306,2203,Undirected,4472,,,1
306,3657,Undirected,4473,,,1
211,3638,Undirected,4474,,,1
211,2206,Undirected,4475,,,1
817,3555,Undirected,4476,,,1
560,2214,Undirected,4477,,,1
560,3822,Undirected,4478,,,1
560,2216,Undirected,4479,,,1
968,2217,Undirected,4480,,,1
968,2809,Undirected,4481,,,1
968,2219,Undirected,4482,,,1
968,2220,Undirected,4483,,,1
434,2968,Undirected,4484,,,1
744,3805,Undirected,4485,,,1
744,3164,Undirected,4486,,,1
744,2229,Undirected,4487,,,1
874,3958,Undirected,4488,,,1
448,3063,Undirected,4489,,,1
448,2235,Undirected,4490,,,1
448,2236,Undirected,4491,,,1
448,2237,Undirected,4492,,,1
448,2238,Undirected,4493,,,1
448,2239,Undirected,4494,,,1
448,3113,Undirected,4495,,,1
448,2241,Undirected,4496,,,1
202,3852,Undirected,4497,,,1
202,2244,Undirected,4498,,,1
202,2245,Undirected,4499,,,1
202,2246,Undirected,4500,,,1
202,2247,Undirected,4501,,,1
202,2248,Undirected,4502,,,1
202,2249,Undirected,4503,,,1
202,2250,Undirected,4504,,,1
202,2251,Undirected,4505,,,1
202,2252,Undirected,4506,,,1
202,2253,Undirected,4507,,,1
996,2254,Undirected,4508,,,1
523,2420,Undirected,4509,,,1
818,3555,Undirected,4510,,,1
875,3958,Undirected,4511,,,1
959,3917,Undirected,4512,,,1
1100,3854,Undirected,4513,,,1
305,2285,Undirected,4514,,,1
43,3915,Undirected,4515,,,1
43,2290,Undirected,4516,,,1
43,3467,Undirected,4517,,,1
524,2420,Undirected,4518,,,1
116,3780,Undirected,4519,,,1
117,3780,Undirected,4520,,,1
117,3159,Undirected,4521,,,1
117,3246,Undirected,4522,,,1
117,3390,Undirected,4523,,,1
117,3248,Undirected,4524,,,1
117,3523,Undirected,4525,,,1
117,2306,Undirected,4526,,,1
117,2307,Undirected,4527,,,1
117,3162,Undirected,4528,,,1
117,2309,Undirected,4529,,,1
691,3332,Undirected,4530,,,1
691,2517,Undirected,4531,,,1
692,3332,Undirected,4532,,,1
692,3580,Undirected,4533,,,1
928,3377,Undirected,4534,,,1
883,2907,Undirected,4535,,,1
340,3315,Undirected,4536,,,1
340,2328,Undirected,4537,,,1
340,3210,Undirected,4538,,,1
340,2330,Undirected,4539,,,1
384,2331,Undirected,4540,,,1
384,3248,Undirected,4541,,,1
384,3250,Undirected,4542,,,1
384,3180,Undirected,4543,,,1
384,2335,Undirected,4544,,,1
1040,2984,Undirected,4545,,,1
585,2423,Undirected,4546,,,1
1048,3893,Undirected,4547,,,1
1048,3941,Undirected,4548,,,1
184,2971,Undirected,4549,,,1
663,3496,Undirected,4550,,,1
331,2601,Undirected,4551,,,1
331,2380,Undirected,4552,,,1
550,2386,Undirected,4553,,,1
550,2761,Undirected,4554,,,1
38,3704,Undirected,4555,,,1
38,2968,Undirected,4556,,,1
978,3943,Undirected,4557,,,1
1089,3824,Undirected,4558,,,1
422,3137,Undirected,4559,,,1
212,3638,Undirected,4560,,,1
86,2418,Undirected,4561,,,1
86,2419,Undirected,4562,,,1
86,2420,Undirected,4563,,,1
86,2421,Undirected,4564,,,1
86,2422,Undirected,4565,,,1
86,2423,Undirected,4566,,,1
86,2424,Undirected,4567,,,1
86,3073,Undirected,4568,,,1
86,3974,Undirected,4569,,,1
86,2427,Undirected,4570,,,1
606,3113,Undirected,4571,,,1
446,3729,Undirected,4572,,,1
446,2434,Undirected,4573,,,1
316,2569,Undirected,4574,,,1
224,2437,Undirected,4575,,,1
224,3335,Undirected,4576,,,1
224,2439,Undirected,4577,,,1
224,3440,Undirected,4578,,,1
224,2441,Undirected,4579,,,1
224,2983,Undirected,4580,,,1
224,3957,Undirected,4581,,,1
224,2444,Undirected,4582,,,1
411,2548,Undirected,4583,,,1
411,3581,Undirected,4584,,,1
411,3825,Undirected,4585,,,1
411,2462,Undirected,4586,,,1
411,2463,Undirected,4587,,,1
411,3921,Undirected,4588,,,1
411,3120,Undirected,4589,,,1
1066,3957,Undirected,4590,,,1
280,2468,Undirected,4591,,,1
280,2469,Undirected,4592,,,1
280,3496,Undirected,4593,,,1
280,2471,Undirected,4594,,,1
940,3894,Undirected,4595,,,1
940,3608,Undirected,4596,,,1
940,2477,Undirected,4597,,,1
940,2478,Undirected,4598,,,1
940,2479,Undirected,4599,,,1
238,3728,Undirected,4600,,,1
238,2483,Undirected,4601,,,1
602,2492,Undirected,4602,,,1
602,3377,Undirected,4603,,,1
602,3646,Undirected,4604,,,1
602,2495,Undirected,4605,,,1
177,2504,Undirected,4606,,,1
177,3371,Undirected,4607,,,1
177,2506,Undirected,4608,,,1
125,2507,Undirected,4609,,,1
125,2566,Undirected,4610,,,1
125,2509,Undirected,4611,,,1
125,2510,Undirected,4612,,,1
125,2511,Undirected,4613,,,1
125,2512,Undirected,4614,,,1
125,2513,Undirected,4615,,,1
125,2514,Undirected,4616,,,1
884,2517,Undirected,4617,,,1
540,2979,Undirected,4618,,,1
975,3283,Undirected,4619,,,1
128,2525,Undirected,4620,,,1
128,3553,Undirected,4621,,,1
745,3805,Undirected,4622,,,1
227,2568,Undirected,4623,,,1
227,3895,Undirected,4624,,,1
227,3285,Undirected,4625,,,1
665,2981,Undirected,4626,,,1
930,3542,Undirected,4627,,,1
930,2541,Undirected,4628,,,1
960,3986,Undirected,4629,,,1
65,2544,Undirected,4630,,,1
65,3983,Undirected,4631,,,1
65,3984,Undirected,4632,,,1
65,2547,Undirected,4633,,,1
65,2548,Undirected,4634,,,1
65,2549,Undirected,4635,,,1
65,2550,Undirected,4636,,,1
65,2551,Undirected,4637,,,1
65,3406,Undirected,4638,,,1
65,3904,Undirected,4639,,,1
65,2554,Undirected,4640,,,1
65,2555,Undirected,4641,,,1
1078,3743,Undirected,4642,,,1
1072,3941,Undirected,4643,,,1
123,2565,Undirected,4644,,,1
123,3470,Undirected,4645,,,1
123,2560,Undirected,4646,,,1
123,2561,Undirected,4647,,,1
124,2565,Undirected,4648,,,1
127,2566,Undirected,4649,,,1
228,2568,Undirected,4650,,,1
229,2568,Undirected,4651,,,1
317,2569,Undirected,4652,,,1
477,3720,Undirected,4653,,,1
797,3858,Undirected,4654,,,1
797,3203,Undirected,4655,,,1
486,3731,Undirected,4656,,,1
1027,2576,Undirected,4657,,,1
216,3749,Undirected,4658,,,1
216,3283,Undirected,4659,,,1
216,2585,Undirected,4660,,,1
332,2601,Undirected,4661,,,1
332,2602,Undirected,4662,,,1
332,3893,Undirected,4663,,,1
332,2604,Undirected,4664,,,1
332,3743,Undirected,4665,,,1
332,2606,Undirected,4666,,,1
332,2607,Undirected,4667,,,1
556,3821,Undirected,4668,,,1
101,2614,Undirected,4669,,,1
101,3560,Undirected,4670,,,1
101,2616,Undirected,4671,,,1
146,3964,Undirected,4672,,,1
146,3792,Undirected,4673,,,1
146,2619,Undirected,4674,,,1
146,3143,Undirected,4675,,,1
146,3560,Undirected,4676,,,1
146,2622,Undirected,4677,,,1
146,2623,Undirected,4678,,,1
1238,2625,Undirected,4679,,,1
1232,2635,Undirected,4680,,,1
1136,2640,Undirected,4681,,,1
1303,3402,Undirected,4682,,,1
1012,2923,Undirected,4683,,,1
852,3920,Undirected,4684,,,1
526,2645,Undirected,4685,,,1
526,3377,Undirected,4686,,,1
919,3180,Undirected,4687,,,1
919,2648,Undirected,4688,,,1
919,2649,Undirected,4689,,,1
307,2651,Undirected,4690,,,1
307,2652,Undirected,4691,,,1
491,3511,Undirected,4692,,,1
491,3513,Undirected,4693,,,1
492,3511,Undirected,4694,,,1
470,3318,Undirected,4695,,,1
470,3523,Undirected,4696,,,1
374,2985,Undirected,4697,,,1
685,2813,Undirected,4698,,,1
685,2816,Undirected,4699,,,1
748,3357,Undirected,4700,,,1
471,3318,Undirected,4701,,,1
471,2675,Undirected,4702,,,1
876,3958,Undirected,4703,,,1
557,3821,Undirected,4704,,,1
1228,2685,Undirected,4705,,,1
558,3821,Undirected,4706,,,1
401,2687,Undirected,4707,,,1
401,3599,Undirected,4708,,,1
401,3792,Undirected,4709,,,1
401,2690,Undirected,4710,,,1
289,3831,Undirected,4711,,,1
502,3653,Undirected,4712,,,1
716,2705,Undirected,4713,,,1
76,3170,Undirected,4714,,,1
324,3459,Undirected,4715,,,1
324,2711,Undirected,4716,,,1
324,3473,Undirected,4717,,,1
324,3480,Undirected,4718,,,1
324,3481,Undirected,4719,,,1
324,2715,Undirected,4720,,,1
324,2716,Undirected,4721,,,1
185,2971,Undirected,4722,,,1
185,2722,Undirected,4723,,,1
185,2870,Undirected,4724,,,1
185,2724,Undirected,4725,,,1
185,2974,Undirected,4726,,,1
185,2975,Undirected,4727,,,1
185,2727,Undirected,4728,,,1
185,3427,Undirected,4729,,,1
185,2976,Undirected,4730,,,1
185,2730,Undirected,4731,,,1
185,2731,Undirected,4732,,,1
185,2732,Undirected,4733,,,1
947,3163,Undirected,4734,,,1
667,3429,Undirected,4735,,,1
868,3292,Undirected,4736,,,1
47,2740,Undirected,4737,,,1
47,2741,Undirected,4738,,,1
47,3823,Undirected,4739,,,1
47,2743,Undirected,4740,,,1
47,2744,Undirected,4741,,,1
47,3495,Undirected,4742,,,1
47,2746,Undirected,4743,,,1
47,2747,Undirected,4744,,,1
47,2748,Undirected,4745,,,1
47,2847,Undirected,4746,,,1
47,2750,Undirected,4747,,,1
47,3332,Undirected,4748,,,1
47,3677,Undirected,4749,,,1
47,2799,Undirected,4750,,,1
47,3156,Undirected,4751,,,1
47,3839,Undirected,4752,,,1
47,2756,Undirected,4753,,,1
47,2757,Undirected,4754,,,1
47,2758,Undirected,4755,,,1
47,2759,Undirected,4756,,,1
47,3163,Undirected,4757,,,1
47,2761,Undirected,4758,,,1
47,2762,Undirected,4759,,,1
47,2763,Undirected,4760,,,1
47,2764,Undirected,4761,,,1
47,2765,Undirected,4762,,,1
47,2766,Undirected,4763,,,1
47,2767,Undirected,4764,,,1
47,2768,Undirected,4765,,,1
47,2769,Undirected,4766,,,1
47,2770,Undirected,4767,,,1
47,2771,Undirected,4768,,,1
47,2772,Undirected,4769,,,1
47,2773,Undirected,4770,,,1
47,2774,Undirected,4771,,,1
47,2775,Undirected,4772,,,1
47,2776,Undirected,4773,,,1
942,3806,Undirected,4774,,,1
982,3408,Undirected,4775,,,1
982,3409,Undirected,4776,,,1
252,3268,Undirected,4777,,,1
1067,3957,Undirected,4778,,,1
1067,3397,Undirected,4779,,,1
736,2792,Undirected,4780,,,1
736,3180,Undirected,4781,,,1
736,2794,Undirected,4782,,,1
736,2795,Undirected,4783,,,1
736,3637,Undirected,4784,,,1
742,2799,Undirected,4785,,,1
742,3895,Undirected,4786,,,1
742,3803,Undirected,4787,,,1
369,3681,Undirected,4788,,,1
369,3682,Undirected,4789,,,1
369,2805,Undirected,4790,,,1
369,3402,Undirected,4791,,,1
249,3246,Undirected,4792,,,1
1050,2808,Undirected,4793,,,1
1050,2809,Undirected,4794,,,1
110,2812,Undirected,4795,,,1
110,2813,Undirected,4796,,,1
110,2814,Undirected,4797,,,1
110,2815,Undirected,4798,,,1
110,2816,Undirected,4799,,,1
110,3943,Undirected,4800,,,1
110,2818,Undirected,4801,,,1
368,2819,Undirected,4802,,,1
314,2824,Undirected,4803,,,1
314,3677,Undirected,4804,,,1
314,3492,Undirected,4805,,,1
314,2827,Undirected,4806,,,1
155,3708,Undirected,4807,,,1
155,2834,Undirected,4808,,,1
155,2835,Undirected,4809,,,1
155,2836,Undirected,4810,,,1
155,3250,Undirected,4811,,,1
155,2838,Undirected,4812,,,1
155,3396,Undirected,4813,,,1
155,2840,Undirected,4814,,,1
155,3580,Undirected,4815,,,1
155,2842,Undirected,4816,,,1
794,3250,Undirected,4817,,,1
670,3162,Undirected,4818,,,1
536,2847,Undirected,4819,,,1
607,3113,Undirected,4820,,,1
607,3472,Undirected,4821,,,1
607,2850,Undirected,4822,,,1
607,2851,Undirected,4823,,,1
607,2852,Undirected,4824,,,1
1091,3919,Undirected,4825,,,1
245,3343,Undirected,4826,,,1
245,2856,Undirected,4827,,,1
245,2857,Undirected,4828,,,1
245,2858,Undirected,4829,,,1
245,3567,Undirected,4830,,,1
217,3749,Undirected,4831,,,1
217,3897,Undirected,4832,,,1
180,2867,Undirected,4833,,,1
180,2868,Undirected,4834,,,1
180,2869,Undirected,4835,,,1
180,2870,Undirected,4836,,,1
287,3237,Undirected,4837,,,1
287,3842,Undirected,4838,,,1
310,3675,Undirected,4839,,,1
455,3842,Undirected,4840,,,1
693,3332,Undirected,4841,,,1
694,3332,Undirected,4842,,,1
819,3555,Undirected,4843,,,1
576,3609,Undirected,4844,,,1
1145,2887,Undirected,4845,,,1
1145,2888,Undirected,4846,,,1
200,3160,Undirected,4847,,,1
200,2896,Undirected,4848,,,1
200,3268,Undirected,4849,,,1
200,3317,Undirected,4850,,,1
200,2899,Undirected,4851,,,1
188,3189,Undirected,4852,,,1
376,2904,Undirected,4853,,,1
790,2905,Undirected,4854,,,1
790,3548,Undirected,4855,,,1
790,2907,Undirected,4856,,,1
790,3806,Undirected,4857,,,1
166,3192,Undirected,4858,,,1
81,2911,Undirected,4859,,,1
81,2912,Undirected,4860,,,1
81,2913,Undirected,4861,,,1
81,2914,Undirected,4862,,,1
81,2915,Undirected,4863,,,1
81,2916,Undirected,4864,,,1
81,3488,Undirected,4865,,,1
81,2918,Undirected,4866,,,1
81,2919,Undirected,4867,,,1
81,2920,Undirected,4868,,,1
81,3905,Undirected,4869,,,1
81,2922,Undirected,4870,,,1
81,2923,Undirected,4871,,,1
81,2924,Undirected,4872,,,1
81,2925,Undirected,4873,,,1
81,2926,Undirected,4874,,,1
81,2927,Undirected,4875,,,1
81,2928,Undirected,4876,,,1
81,2929,Undirected,4877,,,1
81,2930,Undirected,4878,,,1
81,2931,Undirected,4879,,,1
81,2932,Undirected,4880,,,1
81,3402,Undirected,4881,,,1
81,2934,Undirected,4882,,,1
987,3325,Undirected,4883,,,1
1101,3854,Undirected,4884,,,1
1152,3580,Undirected,4885,,,1
158,2966,Undirected,4886,,,1
158,2967,Undirected,4887,,,1
158,2968,Undirected,4888,,,1
158,3567,Undirected,4889,,,1
186,2971,Undirected,4890,,,1
186,2972,Undirected,4891,,,1
186,2973,Undirected,4892,,,1
186,2974,Undirected,4893,,,1
186,2975,Undirected,4894,,,1
186,2976,Undirected,4895,,,1
186,2977,Undirected,4896,,,1
1130,3085,Undirected,4897,,,1
541,2979,Undirected,4898,,,1
541,2980,Undirected,4899,,,1
541,2981,Undirected,4900,,,1
541,3928,Undirected,4901,,,1
541,2983,Undirected,4902,,,1
541,2984,Undirected,4903,,,1
375,2985,Undirected,4904,,,1
877,3958,Undirected,4905,,,1
478,3720,Undirected,4906,,,1
785,3781,Undirected,4907,,,1
785,3250,Undirected,4908,,,1
772,3895,Undirected,4909,,,1
772,3921,Undirected,4910,,,1
223,3016,Undirected,4911,,,1
223,3514,Undirected,4912,,,1
223,3833,Undirected,4913,,,1
223,3019,Undirected,4914,,,1
223,3020,Undirected,4915,,,1
223,3021,Undirected,4916,,,1
223,3022,Undirected,4917,,,1
223,3023,Undirected,4918,,,1
223,3024,Undirected,4919,,,1
223,3025,Undirected,4920,,,1
223,3085,Undirected,4921,,,1
223,3027,Undirected,4922,,,1
223,3028,Undirected,4923,,,1
223,3086,Undirected,4924,,,1
223,3834,Undirected,4925,,,1
223,3031,Undirected,4926,,,1
223,3032,Undirected,4927,,,1
223,3033,Undirected,4928,,,1
266,3035,Undirected,4929,,,1
266,3036,Undirected,4930,,,1
266,3037,Undirected,4931,,,1
266,3038,Undirected,4932,,,1
266,3039,Undirected,4933,,,1
266,3040,Undirected,4934,,,1
266,3283,Undirected,4935,,,1
671,3162,Undirected,4936,,,1
671,3048,Undirected,4937,,,1
671,3054,Undirected,4938,,,1
680,3722,Undirected,4939,,,1
237,3051,Undirected,4940,,,1
237,3052,Undirected,4941,,,1
237,3162,Undirected,4942,,,1
237,3054,Undirected,4943,,,1
792,3057,Undirected,4944,,,1
99,3678,Undirected,4945,,,1
99,3553,Undirected,4946,,,1
99,3985,Undirected,4947,,,1
99,3063,Undirected,4948,,,1
99,3064,Undirected,4949,,,1
99,3065,Undirected,4950,,,1
99,3066,Undirected,4951,,,1
99,3067,Undirected,4952,,,1
99,3735,Undirected,4953,,,1
99,3069,Undirected,4954,,,1
527,3070,Undirected,4955,,,1
527,3071,Undirected,4956,,,1
527,3402,Undirected,4957,,,1
897,3073,Undirected,4958,,,1
689,3074,Undirected,4959,,,1
53,3076,Undirected,4960,,,1
53,3514,Undirected,4961,,,1
53,3078,Undirected,4962,,,1
53,3079,Undirected,4963,,,1
53,3080,Undirected,4964,,,1
53,3081,Undirected,4965,,,1
53,3082,Undirected,4966,,,1
53,3896,Undirected,4967,,,1
53,3084,Undirected,4968,,,1
53,3085,Undirected,4969,,,1
1174,3086,Undirected,4970,,,1
272,3087,Undirected,4971,,,1
272,3283,Undirected,4972,,,1
924,3931,Undirected,4973,,,1
1069,3957,Undirected,4974,,,1
608,3113,Undirected,4975,,,1
1198,3117,Undirected,4976,,,1
838,3119,Undirected,4977,,,1
838,3120,Undirected,4978,,,1
912,3782,Undirected,4979,,,1
833,3839,Undirected,4980,,,1
834,3839,Undirected,4981,,,1
795,3250,Undirected,4982,,,1
795,3839,Undirected,4983,,,1
795,3548,Undirected,4984,,,1
810,3393,Undirected,4985,,,1
420,3129,Undirected,4986,,,1
420,3130,Undirected,4987,,,1
420,3519,Undirected,4988,,,1
420,3132,Undirected,4989,,,1
420,3520,Undirected,4990,,,1
420,3134,Undirected,4991,,,1
420,3135,Undirected,4992,,,1
420,3136,Undirected,4993,,,1
423,3137,Undirected,4994,,,1
423,3814,Undirected,4995,,,1
423,3139,Undirected,4996,,,1
423,3857,Undirected,4997,,,1
909,3142,Undirected,4998,,,1
709,3143,Undirected,4999,,,1
966,3467,Undirected,5000,,,1
270,3145,Undirected,5001,,,1
270,3146,Undirected,5002,,,1
270,3147,Undirected,5003,,,1
215,3151,Undirected,5004,,,1
215,3152,Undirected,5005,,,1
215,3463,Undirected,5006,,,1
215,3466,Undirected,5007,,,1
215,3155,Undirected,5008,,,1
826,3156,Undirected,5009,,,1
1034,3158,Undirected,5010,,,1
225,3159,Undirected,5011,,,1
201,3160,Undirected,5012,,,1
201,3161,Undirected,5013,,,1
201,3162,Undirected,5014,,,1
948,3163,Undirected,5015,,,1
829,3164,Undirected,5016,,,1
70,3168,Undirected,5017,,,1
70,3169,Undirected,5018,,,1
70,3170,Undirected,5019,,,1
70,3171,Undirected,5020,,,1
70,3172,Undirected,5021,,,1
70,3173,Undirected,5022,,,1
70,3174,Undirected,5023,,,1
70,3175,Undirected,5024,,,1
70,3176,Undirected,5025,,,1
70,3177,Undirected,5026,,,1
70,3220,Undirected,5027,,,1
70,3179,Undirected,5028,,,1
70,3180,Undirected,5029,,,1
70,3181,Undirected,5030,,,1
70,3182,Undirected,5031,,,1
70,3183,Undirected,5032,,,1
70,3184,Undirected,5033,,,1
70,3185,Undirected,5034,,,1
70,3186,Undirected,5035,,,1
70,3187,Undirected,5036,,,1
70,3188,Undirected,5037,,,1
189,3189,Undirected,5038,,,1
189,3554,Undirected,5039,,,1
189,3191,Undirected,5040,,,1
167,3192,Undirected,5041,,,1
553,3913,Undirected,5042,,,1
943,3806,Undirected,5043,,,1
879,3203,Undirected,5044,,,1
1132,3204,Undirected,5045,,,1
953,3576,Undirected,5046,,,1
953,3577,Undirected,5047,,,1
953,3578,Undirected,5048,,,1
858,3210,Undirected,5049,,,1
858,3211,Undirected,5050,,,1
253,3268,Undirected,5051,,,1
311,3844,Undirected,5052,,,1
577,3609,Undirected,5053,,,1
887,3220,Undirected,5054,,,1
290,3831,Undirected,5055,,,1
290,3222,Undirected,5056,,,1
290,3657,Undirected,5057,,,1
290,3224,Undirected,5058,,,1
286,3236,Undirected,5059,,,1
286,3237,Undirected,5060,,,1
277,3229,Undirected,5061,,,1
277,3805,Undirected,5062,,,1
277,3231,Undirected,5063,,,1
277,3232,Undirected,5064,,,1
222,3234,Undirected,5065,,,1
222,3235,Undirected,5066,,,1
222,3236,Undirected,5067,,,1
222,3237,Undirected,5068,,,1
222,3805,Undirected,5069,,,1
222,3794,Undirected,5070,,,1
746,3805,Undirected,5071,,,1
1070,3957,Undirected,5072,,,1
1070,3397,Undirected,5073,,,1
197,3278,Undirected,5074,,,1
197,3246,Undirected,5075,,,1
197,3335,Undirected,5076,,,1
197,3248,Undirected,5077,,,1
197,3249,Undirected,5078,,,1
197,3250,Undirected,5079,,,1
197,3251,Undirected,5080,,,1
197,3252,Undirected,5081,,,1
752,3706,Undirected,5082,,,1
59,3266,Undirected,5083,,,1
59,3852,Undirected,5084,,,1
59,3268,Undirected,5085,,,1
59,3677,Undirected,5086,,,1
59,3357,Undirected,5087,,,1
59,3271,Undirected,5088,,,1
59,3317,Undirected,5089,,,1
59,3957,Undirected,5090,,,1
59,3274,Undirected,5091,,,1
198,3278,Undirected,5092,,,1
984,3324,Undirected,5093,,,1
984,3281,Undirected,5094,,,1
984,3325,Undirected,5095,,,1
976,3283,Undirected,5096,,,1
773,3895,Undirected,5097,,,1
773,3285,Undirected,5098,,,1
799,3286,Undirected,5099,,,1
799,3287,Undirected,5100,,,1
955,3288,Undirected,5101,,,1
364,3289,Undirected,5102,,,1
364,3290,Undirected,5103,,,1
364,3291,Undirected,5104,,,1
364,3292,Undirected,5105,,,1
364,3293,Undirected,5106,,,1
364,3646,Undirected,5107,,,1
364,3295,Undirected,5108,,,1
364,3296,Undirected,5109,,,1
364,3297,Undirected,5110,,,1
364,3298,Undirected,5111,,,1
364,3299,Undirected,5112,,,1
1304,3402,Undirected,5113,,,1
1015,3875,Undirected,5114,,,1
911,3614,Undirected,5115,,,1
889,3306,Undirected,5116,,,1
138,3631,Undirected,5117,,,1
341,3315,Undirected,5118,,,1
341,3958,Undirected,5119,,,1
1025,3317,Undirected,5120,,,1
472,3318,Undirected,5121,,,1
472,3523,Undirected,5122,,,1
985,3324,Undirected,5123,,,1
985,3325,Undirected,5124,,,1
985,3824,Undirected,5125,,,1
935,3331,Undirected,5126,,,1
695,3332,Undirected,5127,,,1
1208,3480,Undirected,5128,,,1
334,3335,Undirected,5129,,,1
574,3811,Undirected,5130,,,1
574,3609,Undirected,5131,,,1
574,3338,Undirected,5132,,,1
842,3904,Undirected,5133,,,1
235,3495,Undirected,5134,,,1
235,3343,Undirected,5135,,,1
235,3344,Undirected,5136,,,1
235,3345,Undirected,5137,,,1
1307,3446,Undirected,5138,,,1
681,3722,Undirected,5139,,,1
681,3824,Undirected,5140,,,1
192,3356,Undirected,5141,,,1
192,3357,Undirected,5142,,,1
766,3488,Undirected,5143,,,1
79,3983,Undirected,5144,,,1
79,3371,Undirected,5145,,,1
79,3372,Undirected,5146,,,1
1270,3619,Undirected,5147,,,1
929,3377,Undirected,5148,,,1
774,3895,Undirected,5149,,,1
139,3631,Undirected,5150,,,1
139,3388,Undirected,5151,,,1
139,3852,Undirected,5152,,,1
139,3390,Undirected,5153,,,1
139,3391,Undirected,5154,,,1
139,3392,Undirected,5155,,,1
139,3393,Undirected,5156,,,1
139,3806,Undirected,5157,,,1
139,3395,Undirected,5158,,,1
139,3396,Undirected,5159,,,1
139,3397,Undirected,5160,,,1
139,3398,Undirected,5161,,,1
1305,3402,Undirected,5162,,,1
313,3403,Undirected,5163,,,1
786,3406,Undirected,5164,,,1
786,3407,Undirected,5165,,,1
786,3408,Undirected,5166,,,1
786,3409,Undirected,5167,,,1
786,3410,Undirected,5168,,,1
786,3411,Undirected,5169,,,1
578,3609,Undirected,5170,,,1
1020,3626,Undirected,5171,,,1
880,3426,Undirected,5172,,,1
880,3427,Undirected,5173,,,1
880,3428,Undirected,5174,,,1
668,3429,Undirected,5175,,,1
775,3440,Undirected,5176,,,1
775,3441,Undirected,5177,,,1
775,3442,Undirected,5178,,,1
775,3443,Undirected,5179,,,1
775,3824,Undirected,5180,,,1
775,3445,Undirected,5181,,,1
775,3446,Undirected,5182,,,1
851,3461,Undirected,5183,,,1
851,3452,Undirected,5184,,,1
851,3453,Undirected,5185,,,1
851,3454,Undirected,5186,,,1
45,3915,Undirected,5187,,,1
45,3456,Undirected,5188,,,1
45,3457,Undirected,5189,,,1
45,3458,Undirected,5190,,,1
45,3459,Undirected,5191,,,1
45,3460,Undirected,5192,,,1
45,3461,Undirected,5193,,,1
45,3462,Undirected,5194,,,1
45,3463,Undirected,5195,,,1
45,3917,Undirected,5196,,,1
45,3465,Undirected,5197,,,1
45,3466,Undirected,5198,,,1
45,3467,Undirected,5199,,,1
45,3468,Undirected,5200,,,1
45,3469,Undirected,5201,,,1
45,3470,Undirected,5202,,,1
45,3471,Undirected,5203,,,1
45,3472,Undirected,5204,,,1
45,3473,Undirected,5205,,,1
45,3474,Undirected,5206,,,1
45,3796,Undirected,5207,,,1
45,3476,Undirected,5208,,,1
45,3477,Undirected,5209,,,1
45,3478,Undirected,5210,,,1
45,3479,Undirected,5211,,,1
45,3480,Undirected,5212,,,1
45,3481,Undirected,5213,,,1
45,3482,Undirected,5214,,,1
45,3483,Undirected,5215,,,1
45,3484,Undirected,5216,,,1
956,3485,Undirected,5217,,,1
767,3488,Undirected,5218,,,1
767,3489,Undirected,5219,,,1
497,3491,Undirected,5220,,,1
497,3492,Undirected,5221,,,1
497,3828,Undirected,5222,,,1
497,3494,Undirected,5223,,,1
236,3495,Undirected,5224,,,1
236,3496,Undirected,5225,,,1
236,3980,Undirected,5226,,,1
236,3498,Undirected,5227,,,1
236,3499,Undirected,5228,,,1
236,3500,Undirected,5229,,,1
236,3501,Undirected,5230,,,1
236,3702,Undirected,5231,,,1
962,3505,Undirected,5232,,,1
963,3506,Undirected,5233,,,1
963,3507,Undirected,5234,,,1
493,3511,Undirected,5235,,,1
493,3513,Undirected,5236,,,1
904,3513,Undirected,5237,,,1
232,3514,Undirected,5238,,,1
793,3519,Undirected,5239,,,1
793,3520,Undirected,5240,,,1
323,3521,Undirected,5241,,,1
323,3522,Undirected,5242,,,1
484,3523,Undirected,5243,,,1
484,3524,Undirected,5244,,,1
1120,3803,Undirected,5245,,,1
605,3633,Undirected,5246,,,1
366,3985,Undirected,5247,,,1
130,3539,Undirected,5248,,,1
130,3540,Undirected,5249,,,1
130,3554,Undirected,5250,,,1
130,3542,Undirected,5251,,,1
130,3543,Undirected,5252,,,1
130,3544,Undirected,5253,,,1
130,3545,Undirected,5254,,,1
130,3546,Undirected,5255,,,1
130,3547,Undirected,5256,,,1
836,3548,Undirected,5257,,,1
129,3553,Undirected,5258,,,1
645,3554,Undirected,5259,,,1
820,3555,Undirected,5260,,,1
1051,3560,Undirected,5261,,,1
1061,3567,Undirected,5262,,,1
1061,3568,Undirected,5263,,,1
63,3571,Undirected,5264,,,1
63,3572,Undirected,5265,,,1
63,3952,Undirected,5266,,,1
63,3574,Undirected,5267,,,1
63,3981,Undirected,5268,,,1
63,3576,Undirected,5269,,,1
63,3577,Undirected,5270,,,1
63,3578,Undirected,5271,,,1
1153,3580,Undirected,5272,,,1
415,3581,Undirected,5273,,,1
456,3842,Undirected,5274,,,1
979,3943,Undirected,5275,,,1
1221,3637,Undirected,5276,,,1
563,3853,Undirected,5277,,,1
404,3599,Undirected,5278,,,1
291,3831,Undirected,5279,,,1
991,3608,Undirected,5280,,,1
579,3609,Undirected,5281,,,1
640,3612,Undirected,5282,,,1
640,3613,Undirected,5283,,,1
640,3614,Undirected,5284,,,1
640,3615,Undirected,5285,,,1
640,3616,Undirected,5286,,,1
640,3617,Undirected,5287,,,1
640,3618,Undirected,5288,,,1
640,3619,Undirected,5289,,,1
640,3620,Undirected,5290,,,1
109,3623,Undirected,5291,,,1
109,3624,Undirected,5292,,,1
109,3974,Undirected,5293,,,1
109,3626,Undirected,5294,,,1
109,3627,Undirected,5295,,,1
140,3631,Undirected,5296,,,1
140,3632,Undirected,5297,,,1
140,3633,Undirected,5298,,,1
140,3634,Undirected,5299,,,1
140,3635,Undirected,5300,,,1
140,3636,Undirected,5301,,,1
140,3637,Undirected,5302,,,1
213,3638,Undirected,5303,,,1
213,3639,Undirected,5304,,,1
213,3640,Undirected,5305,,,1
213,3641,Undirected,5306,,,1
213,3642,Undirected,5307,,,1
213,3643,Undirected,5308,,,1
213,3644,Undirected,5309,,,1
213,3645,Undirected,5310,,,1
213,3646,Undirected,5311,,,1
213,3647,Undirected,5312,,,1
213,3648,Undirected,5313,,,1
213,3649,Undirected,5314,,,1
213,3650,Undirected,5315,,,1
503,3653,Undirected,5316,,,1
74,3656,Undirected,5317,,,1
74,3657,Undirected,5318,,,1
74,3658,Undirected,5319,,,1
74,3659,Undirected,5320,,,1
74,3660,Undirected,5321,,,1
132,3662,Undirected,5322,,,1
132,3663,Undirected,5323,,,1
132,3664,Undirected,5324,,,1
46,3915,Undirected,5325,,,1
46,3918,Undirected,5326,,,1
292,3831,Undirected,5327,,,1
292,3675,Undirected,5328,,,1
292,3844,Undirected,5329,,,1
701,3677,Undirected,5330,,,1
100,3678,Undirected,5331,,,1
100,3679,Undirected,5332,,,1
370,3681,Undirected,5333,,,1
370,3682,Undirected,5334,,,1
753,3706,Undirected,5335,,,1
424,3851,Undirected,5336,,,1
554,3913,Undirected,5337,,,1
133,3699,Undirected,5338,,,1
133,3700,Undirected,5339,,,1
133,3701,Undirected,5340,,,1
133,3702,Undirected,5341,,,1
39,3704,Undirected,5342,,,1
754,3706,Undirected,5343,,,1
156,3708,Undirected,5344,,,1
156,3709,Undirected,5345,,,1
78,3712,Undirected,5346,,,1
78,3713,Undirected,5347,,,1
78,3714,Undirected,5348,,,1
479,3720,Undirected,5349,,,1
682,3722,Undirected,5350,,,1
682,3723,Undirected,5351,,,1
447,3729,Undirected,5352,,,1
447,3725,Undirected,5353,,,1
447,3857,Undirected,5354,,,1
447,3727,Undirected,5355,,,1
239,3728,Undirected,5356,,,1
239,3729,Undirected,5357,,,1
239,3730,Undirected,5358,,,1
239,3731,Undirected,5359,,,1
239,3732,Undirected,5360,,,1
239,3733,Undirected,5361,,,1
239,3734,Undirected,5362,,,1
239,3735,Undirected,5363,,,1
239,3736,Undirected,5364,,,1
634,3738,Undirected,5365,,,1
634,3739,Undirected,5366,,,1
634,3931,Undirected,5367,,,1
634,3806,Undirected,5368,,,1
634,3957,Undirected,5369,,,1
634,3743,Undirected,5370,,,1
634,3744,Undirected,5371,,,1
634,3745,Undirected,5372,,,1
634,3746,Undirected,5373,,,1
634,3747,Undirected,5374,,,1
634,3748,Undirected,5375,,,1
218,3749,Undirected,5376,,,1
781,3827,Undirected,5377,,,1
303,3759,Undirected,5378,,,1
304,3759,Undirected,5379,,,1
816,3772,Undirected,5380,,,1
118,3780,Undirected,5381,,,1
118,3781,Undirected,5382,,,1
118,3782,Undirected,5383,,,1
704,3792,Undirected,5384,,,1
131,3793,Undirected,5385,,,1
131,3794,Undirected,5386,,,1
822,3795,Undirected,5387,,,1
822,3796,Undirected,5388,,,1
822,3797,Undirected,5389,,,1
822,3798,Undirected,5390,,,1
822,3799,Undirected,5391,,,1
822,3800,Undirected,5392,,,1
822,3801,Undirected,5393,,,1
822,3802,Undirected,5394,,,1
1121,3803,Undirected,5395,,,1
747,3805,Undirected,5396,,,1
944,3806,Undirected,5397,,,1
226,3810,Undirected,5398,,,1
226,3811,Undirected,5399,,,1
226,3812,Undirected,5400,,,1
627,3813,Undirected,5401,,,1
463,3814,Undirected,5402,,,1
463,3815,Undirected,5403,,,1
1092,3919,Undirected,5404,,,1
559,3821,Undirected,5405,,,1
559,3822,Undirected,5406,,,1
181,3823,Undirected,5407,,,1
181,3824,Undirected,5408,,,1
417,3825,Undirected,5409,,,1
417,3875,Undirected,5410,,,1
782,3827,Undirected,5411,,,1
782,3828,Undirected,5412,,,1
782,3829,Undirected,5413,,,1
782,3830,Undirected,5414,,,1
293,3831,Undirected,5415,,,1
1102,3854,Undirected,5416,,,1
464,3833,Undirected,5417,,,1
464,3834,Undirected,5418,,,1
464,3835,Undirected,5419,,,1
835,3839,Undirected,5420,,,1
1029,3841,Undirected,5421,,,1
457,3842,Undirected,5422,,,1
457,3843,Undirected,5423,,,1
312,3844,Undirected,5424,,,1
425,3851,Undirected,5425,,,1
203,3852,Undirected,5426,,,1
203,3853,Undirected,5427,,,1
203,3854,Undirected,5428,,,1
203,3855,Undirected,5429,,,1
1094,3857,Undirected,5430,,,1
798,3858,Undirected,5431,,,1
1242,3860,Undirected,5432,,,1
1016,3875,Undirected,5433,,,1
949,3887,Undirected,5434,,,1
769,3895,Undirected,5435,,,1
1065,3957,Undirected,5436,,,1
294,3892,Undirected,5437,,,1
1047,3893,Undirected,5438,,,1
939,3894,Undirected,5439,,,1
771,3895,Undirected,5440,,,1
814,3896,Undirected,5441,,,1
814,3897,Undirected,5442,,,1
841,3904,Undirected,5443,,,1
1003,3905,Undirected,5444,,,1
552,3913,Undirected,5445,,,1
44,3915,Undirected,5446,,,1
44,3916,Undirected,5447,,,1
44,3917,Undirected,5448,,,1
44,3918,Undirected,5449,,,1
44,3919,Undirected,5450,,,1
853,3920,Undirected,5451,,,1
853,3921,Undirected,5452,,,1
669,3928,Undirected,5453,,,1
687,3930,Undirected,5454,,,1
925,3931,Undirected,5455,,,1
1053,3939,Undirected,5456,,,1
1053,3941,Undirected,5457,,,1
1073,3941,Undirected,5458,,,1
980,3943,Undirected,5459,,,1
209,3951,Undirected,5460,,,1
209,3952,Undirected,5461,,,1
1068,3957,Undirected,5462,,,1
878,3958,Undirected,5463,,,1
147,3964,Undirected,5464,,,1
164,3972,Undirected,5465,,,1
164,3973,Undirected,5466,,,1
164,3974,Undirected,5467,,,1
164,3975,Undirected,5468,,,1
164,3976,Undirected,5469,,,1
779,3980,Undirected,5470,,,1
779,3981,Undirected,5471,,,1
80,3983,Undirected,5472,,,1
80,3984,Undirected,5473,,,1
80,3985,Undirected,5474,,,1
80,3986,Undirected,5475,,,1
1285,858,Undirected,5476,,,2
468,81,Undirected,5477,,,2
416,411,Undirected,5478,,,2
416,417,Undirected,5479,,,2
126,125,Undirected,5480,,,2
126,127,Undirected,5481,,,2
288,289,Undirected,5482,,,2
288,290,Undirected,5483,,,2
288,291,Undirected,5484,,,2
288,292,Undirected,5485,,,2
288,293,Undirected,5486,,,2
407,408,Undirected,5487,,,2
407,409,Undirected,5488,,,2
407,306,Undirected,5489,,,2
473,474,Undirected,5490,,,2
473,475,Undirected,5491,,,2
473,114,Undirected,5492,,,2
473,476,Undirected,5493,,,2
473,477,Undirected,5494,,,2
473,478,Undirected,5495,,,2
473,479,Undirected,5496,,,2
282,607,Undirected,5497,,,2
686,110,Undirected,5498,,,2
575,576,Undirected,5499,,,2
575,577,Undirected,5500,,,2
575,574,Undirected,5501,,,2
575,578,Undirected,5502,,,2
575,579,Undirected,5503,,,2
199,114,Undirected,5504,,,2
199,200,Undirected,5505,,,2
199,201,Undirected,5506,,,2
199,117,Undirected,5507,,,2
199,384,Undirected,5508,,,2
199,197,Undirected,5509,,,2
199,868,Undirected,5510,,,2
199,364,Undirected,5511,,,2
112,113,Undirected,5512,,,2
112,114,Undirected,5513,,,2
112,115,Undirected,5514,,,2
112,116,Undirected,5515,,,2
112,117,Undirected,5516,,,2
112,118,Undirected,5517,,,2
113,114,Undirected,5519,,,2
113,115,Undirected,5520,,,2
113,116,Undirected,5521,,,2
113,117,Undirected,5522,,,2
113,118,Undirected,5523,,,2
62,63,Undirected,5524,,,2
923,815,Undirected,5525,,,2
923,924,Undirected,5526,,,2
923,925,Undirected,5527,,,2
923,634,Undirected,5528,,,2
542,48,Undirected,5529,,,2
466,120,Undirected,5530,,,2
466,467,Undirected,5531,,,2
466,239,Undirected,5532,,,2
77,55,Undirected,5533,,,2
77,78,Undirected,5534,,,2
856,782,Undirected,5535,,,2
643,644,Undirected,5536,,,2
643,189,Undirected,5537,,,2
643,130,Undirected,5538,,,2
643,645,Undirected,5539,,,2
545,185,Undirected,5540,,,2
545,186,Undirected,5541,,,2
664,68,Undirected,5542,,,2
157,158,Undirected,5543,,,2
30,128,Undirected,5544,,,2
30,99,Undirected,5545,,,2
30,129,Undirected,5546,,,2
30,120,Undirected,5547,,,2
30,130,Undirected,5548,,,2
30,365,Undirected,5549,,,2
30,87,Undirected,5550,,,2
30,80,Undirected,5551,,,2
30,366,Undirected,5552,,,2
30,792,Undirected,5553,,,2
30,841,Undirected,5554,,,2
30,65,Undirected,5555,,,2
30,842,Undirected,5556,,,2
30,751,Undirected,5557,,,2
30,935,Undirected,5558,,,2
1080,120,Undirected,5559,,,2
1080,1081,Undirected,5560,,,2
1080,1082,Undirected,5561,,,2
120,121,Undirected,5562,,,2
120,122,Undirected,5563,,,2
120,123,Undirected,5564,,,2
120,124,Undirected,5565,,,2
120,130,Undirected,5567,,,2
120,467,Undirected,5569,,,2
120,1081,Undirected,5571,,,2
120,1082,Undirected,5572,,,2
367,368,Undirected,5573,,,2
367,140,Undirected,5574,,,2
367,1270,Undirected,5575,,,2
367,640,Undirected,5576,,,2
136,137,Undirected,5577,,,2
136,138,Undirected,5578,,,2
136,139,Undirected,5579,,,2
136,140,Undirected,5580,,,2
41,962,Undirected,5581,,,2
41,429,Undirected,5582,,,2
41,109,Undirected,5583,,,2
765,570,Undirected,5584,,,2
765,81,Undirected,5585,,,2
765,766,Undirected,5586,,,2
765,767,Undirected,5587,,,2
770,769,Undirected,5588,,,2
770,771,Undirected,5589,,,2
770,227,Undirected,5590,,,2
770,742,Undirected,5591,,,2
770,772,Undirected,5592,,,2
770,773,Undirected,5593,,,2
770,774,Undirected,5594,,,2
365,87,Undirected,5596,,,2
365,99,Undirected,5597,,,2
365,80,Undirected,5598,,,2
365,366,Undirected,5599,,,2
872,325,Undirected,5600,,,2
872,873,Undirected,5601,,,2
872,454,Undirected,5602,,,2
872,874,Undirected,5603,,,2
872,875,Undirected,5604,,,2
872,876,Undirected,5605,,,2
872,877,Undirected,5606,,,2
872,878,Undirected,5607,,,2
872,341,Undirected,5608,,,2
644,189,Undirected,5610,,,2
644,130,Undirected,5611,,,2
644,645,Undirected,5612,,,2
441,442,Undirected,5613,,,2
441,490,Undirected,5614,,,2
441,491,Undirected,5615,,,2
441,492,Undirected,5616,,,2
441,493,Undirected,5617,,,2
441,325,Undirected,5618,,,2
1002,189,Undirected,5619,,,2
453,454,Undirected,5620,,,2
453,287,Undirected,5621,,,2
453,455,Undirected,5622,,,2
453,456,Undirected,5623,,,2
453,457,Undirected,5624,,,2
480,481,Undirected,5625,,,2
480,482,Undirected,5626,,,2
480,483,Undirected,5627,,,2
480,476,Undirected,5628,,,2
480,117,Undirected,5629,,,2
480,470,Undirected,5630,,,2
480,472,Undirected,5631,,,2
480,484,Undirected,5632,,,2
121,122,Undirected,5634,,,2
121,123,Undirected,5635,,,2
121,124,Undirected,5636,,,2
121,125,Undirected,5637,,,2
637,65,Undirected,5638,,,2
134,48,Undirected,5639,,,2
402,403,Undirected,5640,,,2
402,302,Undirected,5641,,,2
402,401,Undirected,5642,,,2
402,404,Undirected,5643,,,2
402,226,Undirected,5644,,,2
1148,74,Undirected,5645,,,2
1245,570,Undirected,5646,,,2
1245,81,Undirected,5647,,,2
68,69,Undirected,5648,,,2
68,70,Undirected,5649,,,2
68,98,Undirected,5650,,,2
68,751,Undirected,5652,,,2
68,245,Undirected,5653,,,2
68,158,Undirected,5654,,,2
68,1061,Undirected,5655,,,2
68,661,Undirected,5656,,,2
68,235,Undirected,5657,,,2
68,1238,Undirected,5658,,,2
219,220,Undirected,5659,,,2
154,137,Undirected,5660,,,2
154,155,Undirected,5661,,,2
154,156,Undirected,5662,,,2
408,409,Undirected,5664,,,2
408,306,Undirected,5665,,,2
408,502,Undirected,5666,,,2
408,503,Undirected,5667,,,2
661,235,Undirected,5670,,,2
661,1198,Undirected,5671,,,2
327,328,Undirected,5672,,,2
327,78,Undirected,5673,,,2
327,685,Undirected,5674,,,2
327,110,Undirected,5675,,,2
327,54,Undirected,5676,,,2
328,78,Undirected,5678,,,2
328,552,Undirected,5679,,,2
328,553,Undirected,5680,,,2
328,554,Undirected,5681,,,2
570,81,Undirected,5683,,,2
570,766,Undirected,5684,,,2
570,767,Undirected,5685,,,2
119,132,Undirected,5687,,,2
119,224,Undirected,5688,,,2
119,117,Undirected,5689,,,2
119,225,Undirected,5690,,,2
490,491,Undirected,5692,,,2
490,492,Undirected,5693,,,2
490,493,Undirected,5694,,,2
941,191,Undirected,5695,,,2
941,248,Undirected,5696,,,2
941,942,Undirected,5697,,,2
941,790,Undirected,5698,,,2
941,943,Undirected,5699,,,2
941,139,Undirected,5700,,,2
941,634,Undirected,5701,,,2
941,944,Undirected,5702,,,2
778,779,Undirected,5703,,,2
778,236,Undirected,5704,,,2
778,1029,Undirected,5705,,,2
1033,54,Undirected,5706,,,2
1033,1034,Undirected,5707,,,2
555,55,Undirected,5708,,,2
555,556,Undirected,5709,,,2
555,557,Undirected,5710,,,2
555,558,Undirected,5711,,,2
555,559,Undirected,5712,,,2
938,939,Undirected,5713,,,2
938,940,Undirected,5714,,,2
938,954,Undirected,5715,,,2
938,955,Undirected,5716,,,2
938,1145,Undirected,5717,,,2
481,482,Undirected,5719,,,2
481,483,Undirected,5720,,,2
481,476,Undirected,5721,,,2
481,117,Undirected,5722,,,2
481,470,Undirected,5723,,,2
481,472,Undirected,5724,,,2
481,484,Undirected,5725,,,2
385,54,Undirected,5726,,,2
385,386,Undirected,5727,,,2
385,53,Undirected,5728,,,2
380,47,Undirected,5729,,,2
69,70,Undirected,5731,,,2
1306,114,Undirected,5732,,,2
1306,1307,Undirected,5733,,,2
1306,775,Undirected,5734,,,2
474,475,Undirected,5736,,,2
474,114,Undirected,5737,,,2
474,476,Undirected,5738,,,2
474,477,Undirected,5739,,,2
474,478,Undirected,5740,,,2
474,479,Undirected,5741,,,2
474,633,Undirected,5742,,,2
474,634,Undirected,5743,,,2
474,137,Undirected,5744,,,2
474,47,Undirected,5745,,,2
474,314,Undirected,5746,,,2
474,59,Undirected,5747,,,2
474,701,Undirected,5748,,,2
474,956,Undirected,5749,,,2
48,245,Undirected,5752,,,2
48,963,Undirected,5753,,,2
48,429,Undirected,5754,,,2
48,86,Undirected,5755,,,2
48,164,Undirected,5756,,,2
48,109,Undirected,5757,,,2
743,744,Undirected,5758,,,2
743,745,Undirected,5759,,,2
743,277,Undirected,5760,,,2
743,222,Undirected,5761,,,2
743,746,Undirected,5762,,,2
743,747,Undirected,5763,,,2
965,43,Undirected,5764,,,2
965,966,Undirected,5765,,,2
965,45,Undirected,5766,,,2
137,138,Undirected,5769,,,2
137,139,Undirected,5770,,,2
137,140,Undirected,5771,,,2
137,155,Undirected,5773,,,2
137,156,Undirected,5774,,,2
137,197,Undirected,5775,,,2
137,198,Undirected,5776,,,2
137,202,Undirected,5777,,,2
137,59,Undirected,5778,,,2
137,203,Undirected,5779,,,2
137,248,Undirected,5780,,,2
137,117,Undirected,5781,,,2
137,249,Undirected,5782,,,2
137,47,Undirected,5784,,,2
137,314,Undirected,5785,,,2
137,701,Undirected,5786,,,2
137,497,Undirected,5787,,,2
137,114,Undirected,5788,,,2
137,1065,Undirected,5789,,,2
137,224,Undirected,5790,,,2
137,1066,Undirected,5791,,,2
137,1067,Undirected,5792,,,2
137,1068,Undirected,5793,,,2
137,1069,Undirected,5794,,,2
137,1070,Undirected,5795,,,2
137,634,Undirected,5796,,,2
137,200,Undirected,5797,,,2
977,978,Undirected,5798,,,2
977,110,Undirected,5799,,,2
977,979,Undirected,5800,,,2
977,980,Undirected,5801,,,2
958,959,Undirected,5802,,,2
958,44,Undirected,5803,,,2
958,45,Undirected,5804,,,2
208,209,Undirected,5805,,,2
784,114,Undirected,5806,,,2
784,785,Undirected,5807,,,2
784,118,Undirected,5808,,,2
784,384,Undirected,5809,,,2
784,155,Undirected,5810,,,2
784,794,Undirected,5811,,,2
784,795,Undirected,5812,,,2
784,197,Undirected,5813,,,2
283,284,Undirected,5814,,,2
283,285,Undirected,5815,,,2
283,286,Undirected,5816,,,2
283,222,Undirected,5817,,,2
485,114,Undirected,5818,,,2
485,248,Undirected,5819,,,2
485,197,Undirected,5820,,,2
954,955,Undirected,5822,,,2
986,987,Undirected,5823,,,2
986,984,Undirected,5824,,,2
986,985,Undirected,5825,,,2
54,231,Undirected,5826,,,2
54,223,Undirected,5827,,,2
54,53,Undirected,5828,,,2
54,232,Undirected,5829,,,2
54,185,Undirected,5830,,,2
54,386,Undirected,5832,,,2
54,55,Undirected,5833,,,2
54,426,Undirected,5834,,,2
54,736,Undirected,5835,,,2
54,814,Undirected,5837,,,2
54,1034,Undirected,5839,,,2
54,1242,Undirected,5840,,,2
815,816,Undirected,5841,,,2
815,924,Undirected,5843,,,2
815,925,Undirected,5844,,,2
815,634,Undirected,5845,,,2
1081,1082,Undirected,5848,,,2
325,53,Undirected,5849,,,2
325,873,Undirected,5851,,,2
325,454,Undirected,5852,,,2
325,874,Undirected,5853,,,2
325,875,Undirected,5854,,,2
325,876,Undirected,5855,,,2
325,877,Undirected,5856,,,2
325,878,Undirected,5857,,,2
325,341,Undirected,5858,,,2
187,188,Undirected,5860,,,2
187,189,Undirected,5861,,,2
187,411,Undirected,5862,,,2
187,415,Undirected,5863,,,2
187,961,Undirected,5864,,,2
187,853,Undirected,5865,,,2
187,772,Undirected,5866,,,2
187,838,Undirected,5867,,,2
210,211,Undirected,5868,,,2
210,212,Undirected,5869,,,2
210,213,Undirected,5870,,,2
210,316,Undirected,5871,,,2
210,317,Undirected,5872,,,2
36,37,Undirected,5873,,,2
36,38,Undirected,5874,,,2
36,39,Undirected,5875,,,2
475,114,Undirected,5878,,,2
475,476,Undirected,5879,,,2
475,477,Undirected,5880,,,2
475,478,Undirected,5881,,,2
475,479,Undirected,5882,,,2
390,419,Undirected,5883,,,2
390,420,Undirected,5884,,,2
390,140,Undirected,5885,,,2
390,627,Undirected,5886,,,2
390,793,Undirected,5887,,,2
796,797,Undirected,5888,,,2
796,798,Undirected,5889,,,2
796,414,Undirected,5890,,,2
796,949,Undirected,5891,,,2
828,744,Undirected,5892,,,2
828,829,Undirected,5893,,,2
969,81,Undirected,5894,,,2
873,454,Undirected,5897,,,2
873,874,Undirected,5898,,,2
873,875,Undirected,5899,,,2
873,876,Undirected,5900,,,2
873,877,Undirected,5901,,,2
873,878,Undirected,5902,,,2
873,341,Undirected,5903,,,2
873,940,Undirected,5904,,,2
873,991,Undirected,5905,,,2
114,115,Undirected,5908,,,2
114,116,Undirected,5909,,,2
114,117,Undirected,5910,,,2
114,118,Undirected,5911,,,2
114,156,Undirected,5912,,,2
114,47,Undirected,5913,,,2
114,181,Undirected,5914,,,2
114,200,Undirected,5916,,,2
114,201,Undirected,5917,,,2
114,224,Undirected,5918,,,2
114,197,Undirected,5919,,,2
114,334,Undirected,5920,,,2
114,323,Undirected,5921,,,2
114,476,Undirected,5925,,,2
114,477,Undirected,5926,,,2
114,478,Undirected,5927,,,2
114,479,Undirected,5928,,,2
114,248,Undirected,5930,,,2
114,785,Undirected,5932,,,2
114,384,Undirected,5933,,,2
114,155,Undirected,5934,,,2
114,794,Undirected,5935,,,2
114,795,Undirected,5936,,,2
114,912,Undirected,5938,,,2
114,968,Undirected,5939,,,2
114,1050,Undirected,5940,,,2
114,1065,Undirected,5941,,,2
114,1066,Undirected,5942,,,2
114,1067,Undirected,5943,,,2
114,1068,Undirected,5944,,,2
114,1069,Undirected,5945,,,2
114,1070,Undirected,5946,,,2
114,59,Undirected,5947,,,2
114,634,Undirected,5948,,,2
114,1132,Undirected,5949,,,2
114,692,Undirected,5950,,,2
114,1152,Undirected,5951,,,2
114,1153,Undirected,5952,,,2
114,1307,Undirected,5954,,,2
114,775,Undirected,5955,,,2
961,411,Undirected,5957,,,2
961,853,Undirected,5958,,,2
961,772,Undirected,5959,,,2
42,43,Undirected,5960,,,2
42,44,Undirected,5961,,,2
42,45,Undirected,5962,,,2
42,46,Undirected,5963,,,2
42,324,Undirected,5964,,,2
42,607,Undirected,5965,,,2
1289,822,Undirected,5966,,,2
122,123,Undirected,5969,,,2
122,124,Undirected,5970,,,2
122,305,Undirected,5971,,,2
122,1227,Undirected,5972,,,2
122,1228,Undirected,5973,,,2
37,38,Undirected,5975,,,2
37,39,Undirected,5976,,,2
633,634,Undirected,5978,,,2
342,270,Undirected,5979,,,2
191,192,Undirected,5980,,,2
191,248,Undirected,5982,,,2
191,942,Undirected,5983,,,2
191,790,Undirected,5984,,,2
191,943,Undirected,5985,,,2
191,139,Undirected,5986,,,2
191,634,Undirected,5987,,,2
191,944,Undirected,5988,,,2
322,53,Undirected,5989,,,2
974,975,Undirected,5990,,,2
974,216,Undirected,5991,,,2
974,266,Undirected,5992,,,2
974,272,Undirected,5993,,,2
974,976,Undirected,5994,,,2
1227,1228,Undirected,5996,,,2
871,497,Undirected,5997,,,2
871,782,Undirected,5998,,,2
482,483,Undirected,6001,,,2
482,476,Undirected,6002,,,2
482,117,Undirected,6003,,,2
482,470,Undirected,6004,,,2
482,472,Undirected,6005,,,2
482,484,Undirected,6006,,,2
483,476,Undirected,6010,,,2
483,117,Undirected,6011,,,2
483,470,Undirected,6012,,,2
483,472,Undirected,6013,,,2
483,484,Undirected,6014,,,2
483,799,Undirected,6015,,,2
231,223,Undirected,6017,,,2
231,53,Undirected,6018,,,2
231,232,Undirected,6019,,,2
616,928,Undirected,6020,,,2
616,602,Undirected,6021,,,2
616,526,Undirected,6022,,,2
616,929,Undirected,6023,,,2
476,477,Undirected,6028,,,2
476,478,Undirected,6029,,,2
476,479,Undirected,6030,,,2
476,117,Undirected,6035,,,2
476,470,Undirected,6036,,,2
476,472,Undirected,6037,,,2
476,484,Undirected,6038,,,2
165,166,Undirected,6039,,,2
165,167,Undirected,6040,,,2
165,424,Undirected,6041,,,2
165,425,Undirected,6042,,,2
165,607,Undirected,6043,,,2
702,703,Undirected,6044,,,2
702,146,Undirected,6045,,,2
702,401,Undirected,6046,,,2
702,704,Undirected,6047,,,2
55,78,Undirected,6049,,,2
55,311,Undirected,6050,,,2
55,292,Undirected,6051,,,2
55,312,Undirected,6052,,,2
55,374,Undirected,6053,,,2
55,375,Undirected,6054,,,2
55,376,Undirected,6055,,,2
55,405,Undirected,6056,,,2
55,406,Undirected,6057,,,2
55,556,Undirected,6060,,,2
55,557,Undirected,6061,,,2
55,558,Undirected,6062,,,2
55,559,Undirected,6063,,,2
55,560,Undirected,6064,,,2
55,817,Undirected,6065,,,2
55,818,Undirected,6066,,,2
55,819,Undirected,6067,,,2
55,820,Undirected,6068,,,2
55,822,Undirected,6069,,,2
55,888,Undirected,6070,,,2
55,889,Undirected,6071,,,2
55,414,Undirected,6072,,,2
419,420,Undirected,6074,,,2
419,793,Undirected,6075,,,2
751,752,Undirected,6076,,,2
751,753,Undirected,6077,,,2
751,754,Undirected,6078,,,2
751,935,Undirected,6080,,,2
751,364,Undirected,6081,,,2
751,245,Undirected,6083,,,2
751,158,Undirected,6084,,,2
751,1061,Undirected,6085,,,2
405,406,Undirected,6087,,,2
1099,1100,Undirected,6090,,,2
1099,1101,Undirected,6091,,,2
1099,1102,Undirected,6092,,,2
1099,203,Undirected,6093,,,2
882,883,Undirected,6094,,,2
882,790,Undirected,6095,,,2
115,116,Undirected,6099,,,2
115,117,Undirected,6100,,,2
115,118,Undirected,6101,,,2
87,99,Undirected,6104,,,2
87,80,Undirected,6105,,,2
87,366,Undirected,6106,,,2
87,540,Undirected,6107,,,2
87,541,Undirected,6108,,,2
87,667,Undirected,6109,,,2
87,668,Undirected,6110,,,2
87,669,Undirected,6111,,,2
87,687,Undirected,6112,,,2
87,70,Undirected,6113,,,2
87,887,Undirected,6114,,,2
87,384,Undirected,6115,,,2
87,919,Undirected,6116,,,2
87,736,Undirected,6117,,,2
87,996,Undirected,6118,,,2
87,1027,Undirected,6119,,,2
87,224,Undirected,6120,,,2
87,1040,Undirected,6121,,,2
87,236,Undirected,6122,,,2
87,133,Undirected,6123,,,2
87,1232,Undirected,6124,,,2
87,65,Undirected,6125,,,2
409,306,Undirected,6128,,,2
403,302,Undirected,6130,,,2
403,401,Undirected,6131,,,2
403,404,Undirected,6132,,,2
284,285,Undirected,6134,,,2
284,286,Undirected,6135,,,2
284,222,Undirected,6136,,,2
363,364,Undirected,6137,,,2
535,47,Undirected,6140,,,2
535,536,Undirected,6141,,,2
467,239,Undirected,6144,,,2
467,486,Undirected,6145,,,2
301,302,Undirected,6149,,,2
301,303,Undirected,6150,,,2
301,304,Undirected,6151,,,2
414,949,Undirected,6153,,,2
414,1136,Undirected,6154,,,2
454,287,Undirected,6157,,,2
454,455,Undirected,6158,,,2
454,456,Undirected,6159,,,2
454,457,Undirected,6160,,,2
454,874,Undirected,6164,,,2
454,875,Undirected,6165,,,2
454,876,Undirected,6166,,,2
454,877,Undirected,6167,,,2
454,878,Undirected,6168,,,2
454,341,Undirected,6169,,,2
285,286,Undirected,6172,,,2
285,222,Undirected,6173,,,2
285,287,Undirected,6174,,,2
285,294,Undirected,6175,,,2
285,909,Undirected,6176,,,2
429,86,Undirected,6178,,,2
429,164,Undirected,6179,,,2
429,109,Undirected,6180,,,2
429,1020,Undirected,6181,,,2
426,736,Undirected,6184,,,2
902,446,Undirected,6185,,,2
248,117,Undirected,6187,,,2
248,249,Undirected,6188,,,2
248,197,Undirected,6189,,,2
248,942,Undirected,6194,,,2
248,790,Undirected,6195,,,2
248,943,Undirected,6196,,,2
248,139,Undirected,6197,,,2
248,634,Undirected,6198,,,2
248,944,Undirected,6199,,,2
1181,45,Undirected,6200,,,2
888,889,Undirected,6202,,,2
302,303,Undirected,6204,,,2
302,304,Undirected,6205,,,2
302,401,Undirected,6208,,,2
302,404,Undirected,6209,,,2
302,716,Undirected,6210,,,2
302,223,Undirected,6211,,,2
703,146,Undirected,6213,,,2
703,401,Undirected,6214,,,2
703,704,Undirected,6215,,,2
703,709,Undirected,6216,,,2
220,270,Undirected,6218,,,2
220,527,Undirected,6219,,,2
220,689,Undirected,6220,,,2
220,384,Undirected,6221,,,2
306,307,Undirected,6222,,,2
306,313,Undirected,6223,,,2
306,290,Undirected,6227,,,2
306,74,Undirected,6228,,,2
211,212,Undirected,6230,,,2
211,213,Undirected,6231,,,2
817,818,Undirected,6233,,,2
817,819,Undirected,6234,,,2
817,820,Undirected,6235,,,2
560,559,Undirected,6237,,,2
968,1050,Undirected,6239,,,2
434,38,Undirected,6240,,,2
434,158,Undirected,6241,,,2
744,745,Undirected,6243,,,2
744,277,Undirected,6244,,,2
744,222,Undirected,6245,,,2
744,746,Undirected,6246,,,2
744,747,Undirected,6247,,,2
744,829,Undirected,6249,,,2
874,875,Undirected,6254,,,2
874,876,Undirected,6255,,,2
874,877,Undirected,6256,,,2
874,878,Undirected,6257,,,2
874,341,Undirected,6258,,,2
448,99,Undirected,6259,,,2
448,606,Undirected,6260,,,2
448,607,Undirected,6261,,,2
448,608,Undirected,6262,,,2
202,59,Undirected,6264,,,2
202,139,Undirected,6265,,,2
202,203,Undirected,6266,,,2
523,524,Undirected,6268,,,2
523,86,Undirected,6269,,,2
818,819,Undirected,6272,,,2
818,820,Undirected,6273,,,2
875,876,Undirected,6279,,,2
875,877,Undirected,6280,,,2
875,878,Undirected,6281,,,2
875,341,Undirected,6282,,,2
959,44,Undirected,6284,,,2
959,45,Undirected,6285,,,2
1100,1101,Undirected,6287,,,2
1100,1102,Undirected,6288,,,2
1100,203,Undirected,6289,,,2
43,44,Undirected,6292,,,2
43,45,Undirected,6293,,,2
43,46,Undirected,6294,,,2
43,966,Undirected,6296,,,2
524,86,Undirected,6298,,,2
116,117,Undirected,6303,,,2
116,118,Undirected,6304,,,2
117,118,Undirected,6310,,,2
117,225,Undirected,6312,,,2
117,249,Undirected,6315,,,2
117,197,Undirected,6316,,,2
117,139,Undirected,6317,,,2
117,384,Undirected,6319,,,2
117,470,Undirected,6325,,,2
117,472,Undirected,6326,,,2
117,484,Undirected,6327,,,2
117,670,Undirected,6328,,,2
117,671,Undirected,6329,,,2
117,237,Undirected,6330,,,2
117,201,Undirected,6331,,,2
691,692,Undirected,6332,,,2
691,47,Undirected,6333,,,2
691,693,Undirected,6334,,,2
691,694,Undirected,6335,,,2
691,695,Undirected,6336,,,2
691,884,Undirected,6337,,,2
692,47,Undirected,6339,,,2
692,693,Undirected,6340,,,2
692,694,Undirected,6341,,,2
692,695,Undirected,6342,,,2
692,155,Undirected,6344,,,2
692,1152,Undirected,6345,,,2
692,1153,Undirected,6346,,,2
928,602,Undirected,6348,,,2
928,526,Undirected,6349,,,2
928,929,Undirected,6350,,,2
883,790,Undirected,6352,,,2
340,341,Undirected,6353,,,2
340,858,Undirected,6354,,,2
384,197,Undirected,6357,,,2
384,155,Undirected,6360,,,2
384,794,Undirected,6361,,,2
384,785,Undirected,6362,,,2
384,795,Undirected,6363,,,2
384,919,Undirected,6365,,,2
384,736,Undirected,6366,,,2
384,70,Undirected,6367,,,2
1040,541,Undirected,6370,,,2
585,86,Undirected,6371,,,2
1048,1047,Undirected,6372,,,2
1048,332,Undirected,6373,,,2
1048,1072,Undirected,6374,,,2
1048,1053,Undirected,6375,,,2
1048,1073,Undirected,6376,,,2
184,185,Undirected,6377,,,2
184,186,Undirected,6378,,,2
663,280,Undirected,6379,,,2
663,236,Undirected,6380,,,2
331,332,Undirected,6381,,,2
550,47,Undirected,6382,,,2
38,39,Undirected,6385,,,2
38,158,Undirected,6387,,,2
978,110,Undirected,6389,,,2
978,979,Undirected,6390,,,2
978,980,Undirected,6391,,,2
1089,985,Undirected,6392,,,2
1089,681,Undirected,6393,,,2
1089,775,Undirected,6394,,,2
1089,181,Undirected,6395,,,2
422,423,Undirected,6396,,,2
212,213,Undirected,6399,,,2
86,897,Undirected,6403,,,2
86,164,Undirected,6406,,,2
86,109,Undirected,6407,,,2
606,607,Undirected,6409,,,2
606,608,Undirected,6410,,,2
446,447,Undirected,6411,,,2
446,239,Undirected,6412,,,2
316,317,Undirected,6415,,,2
224,197,Undirected,6418,,,2
224,334,Undirected,6419,,,2
224,775,Undirected,6420,,,2
224,541,Undirected,6422,,,2
224,1065,Undirected,6423,,,2
224,1066,Undirected,6425,,,2
224,1067,Undirected,6426,,,2
224,1068,Undirected,6427,,,2
224,1069,Undirected,6428,,,2
224,1070,Undirected,6429,,,2
224,59,Undirected,6430,,,2
224,634,Undirected,6431,,,2
411,65,Undirected,6432,,,2
411,415,Undirected,6434,,,2
411,417,Undirected,6436,,,2
411,853,Undirected,6438,,,2
411,772,Undirected,6439,,,2
411,838,Undirected,6440,,,2
1066,1065,Undirected,6441,,,2
1066,1067,Undirected,6445,,,2
1066,1068,Undirected,6446,,,2
1066,1069,Undirected,6447,,,2
1066,1070,Undirected,6448,,,2
1066,59,Undirected,6449,,,2
1066,634,Undirected,6450,,,2
280,236,Undirected,6452,,,2
940,939,Undirected,6454,,,2
940,991,Undirected,6456,,,2
238,239,Undirected,6457,,,2
602,526,Undirected,6460,,,2
602,929,Undirected,6461,,,2
602,364,Undirected,6462,,,2
602,213,Undirected,6463,,,2
177,79,Undirected,6464,,,2
125,127,Undirected,6467,,,2
540,541,Undirected,6470,,,2
975,216,Undirected,6472,,,2
975,266,Undirected,6473,,,2
975,272,Undirected,6474,,,2
975,976,Undirected,6475,,,2
128,99,Undirected,6477,,,2
128,129,Undirected,6478,,,2
745,277,Undirected,6481,,,2
745,222,Undirected,6482,,,2
745,746,Undirected,6483,,,2
745,747,Undirected,6484,,,2
227,228,Undirected,6485,,,2
227,229,Undirected,6486,,,2
227,769,Undirected,6487,,,2
227,771,Undirected,6489,,,2
227,742,Undirected,6490,,,2
227,772,Undirected,6491,,,2
227,773,Undirected,6492,,,2
227,774,Undirected,6493,,,2
665,541,Undirected,6494,,,2
930,130,Undirected,6495,,,2
960,80,Undirected,6496,,,2
65,79,Undirected,6497,,,2
65,80,Undirected,6498,,,2
65,786,Undirected,6501,,,2
65,841,Undirected,6503,,,2
65,842,Undirected,6504,,,2
1078,332,Undirected,6506,,,2
1078,634,Undirected,6507,,,2
1072,1053,Undirected,6509,,,2
1072,1073,Undirected,6510,,,2
123,124,Undirected,6514,,,2
123,45,Undirected,6515,,,2
228,229,Undirected,6523,,,2
477,478,Undirected,6533,,,2
477,479,Undirected,6534,,,2
797,798,Undirected,6536,,,2
797,879,Undirected,6537,,,2
486,239,Undirected,6539,,,2
216,217,Undirected,6541,,,2
216,218,Undirected,6542,,,2
216,266,Undirected,6545,,,2
216,272,Undirected,6546,,,2
216,976,Undirected,6547,,,2
332,1047,Undirected,6549,,,2
332,634,Undirected,6552,,,2
556,557,Undirected,6555,,,2
556,558,Undirected,6556,,,2
556,559,Undirected,6557,,,2
101,146,Undirected,6558,,,2
101,1051,Undirected,6559,,,2
146,147,Undirected,6560,,,2
146,401,Undirected,6563,,,2
146,704,Undirected,6564,,,2
146,709,Undirected,6565,,,2
146,1051,Undirected,6567,,,2
1303,369,Undirected,6571,,,2
1303,81,Undirected,6572,,,2
1303,527,Undirected,6573,,,2
1303,1304,Undirected,6574,,,2
1303,1305,Undirected,6575,,,2
1012,81,Undirected,6576,,,2
852,853,Undirected,6577,,,2
526,929,Undirected,6581,,,2
919,736,Undirected,6584,,,2
919,70,Undirected,6585,,,2
491,492,Undirected,6589,,,2
491,493,Undirected,6590,,,2
491,904,Undirected,6591,,,2
492,493,Undirected,6595,,,2
470,471,Undirected,6596,,,2
470,472,Undirected,6597,,,2
470,484,Undirected,6604,,,2
374,375,Undirected,6606,,,2
685,110,Undirected,6607,,,2
748,59,Undirected,6609,,,2
748,192,Undirected,6610,,,2
471,472,Undirected,6612,,,2
876,877,Undirected,6619,,,2
876,878,Undirected,6620,,,2
876,341,Undirected,6621,,,2
557,558,Undirected,6625,,,2
557,559,Undirected,6626,,,2
558,559,Undirected,6633,,,2
401,404,Undirected,6637,,,2
401,704,Undirected,6641,,,2
289,290,Undirected,6643,,,2
289,291,Undirected,6644,,,2
289,292,Undirected,6645,,,2
289,293,Undirected,6646,,,2
502,503,Undirected,6648,,,2
76,70,Undirected,6650,,,2
324,45,Undirected,6652,,,2
324,1208,Undirected,6653,,,2
185,186,Undirected,6655,,,2
185,180,Undirected,6657,,,2
185,880,Undirected,6659,,,2
947,47,Undirected,6660,,,2
947,948,Undirected,6661,,,2
667,668,Undirected,6663,,,2
868,364,Undirected,6665,,,2
47,181,Undirected,6667,,,2
47,235,Undirected,6668,,,2
47,236,Undirected,6669,,,2
47,536,Undirected,6672,,,2
47,693,Undirected,6675,,,2
47,694,Undirected,6676,,,2
47,695,Undirected,6677,,,2
47,314,Undirected,6680,,,2
47,59,Undirected,6681,,,2
47,701,Undirected,6682,,,2
47,742,Undirected,6683,,,2
47,826,Undirected,6684,,,2
47,833,Undirected,6685,,,2
47,834,Undirected,6686,,,2
47,795,Undirected,6687,,,2
47,835,Undirected,6688,,,2
47,948,Undirected,6690,,,2
942,790,Undirected,6695,,,2
942,943,Undirected,6696,,,2
942,139,Undirected,6697,,,2
942,634,Undirected,6698,,,2
942,944,Undirected,6699,,,2
982,786,Undirected,6700,,,2
252,200,Undirected,6701,,,2
252,253,Undirected,6702,,,2
252,59,Undirected,6703,,,2
1067,1065,Undirected,6704,,,2
1067,1068,Undirected,6709,,,2
1067,1069,Undirected,6710,,,2
1067,1070,Undirected,6711,,,2
1067,59,Undirected,6712,,,2
1067,634,Undirected,6713,,,2
1067,139,Undirected,6714,,,2
736,70,Undirected,6720,,,2
736,1221,Undirected,6721,,,2
736,140,Undirected,6722,,,2
742,769,Undirected,6724,,,2
742,771,Undirected,6726,,,2
742,772,Undirected,6728,,,2
742,773,Undirected,6729,,,2
742,774,Undirected,6730,,,2
742,1120,Undirected,6731,,,2
742,1121,Undirected,6732,,,2
369,370,Undirected,6733,,,2
369,81,Undirected,6735,,,2
369,527,Undirected,6736,,,2
369,1304,Undirected,6737,,,2
369,1305,Undirected,6738,,,2
249,197,Undirected,6742,,,2
110,979,Undirected,6750,,,2
110,980,Undirected,6751,,,2
314,59,Undirected,6756,,,2
314,701,Undirected,6757,,,2
314,497,Undirected,6758,,,2
155,156,Undirected,6761,,,2
155,794,Undirected,6765,,,2
155,785,Undirected,6766,,,2
155,795,Undirected,6767,,,2
155,197,Undirected,6768,,,2
155,139,Undirected,6769,,,2
155,1152,Undirected,6771,,,2
155,1153,Undirected,6772,,,2
794,785,Undirected,6777,,,2
794,795,Undirected,6778,,,2
794,197,Undirected,6779,,,2
670,671,Undirected,6781,,,2
670,237,Undirected,6782,,,2
670,201,Undirected,6783,,,2
607,608,Undirected,6788,,,2
607,45,Undirected,6790,,,2
1091,44,Undirected,6793,,,2
1091,1092,Undirected,6794,,,2
245,235,Undirected,6795,,,2
245,158,Undirected,6799,,,2
245,1061,Undirected,6800,,,2
217,218,Undirected,6802,,,2
217,814,Undirected,6803,,,2
287,286,Undirected,6806,,,2
287,222,Undirected,6807,,,2
287,455,Undirected,6810,,,2
287,456,Undirected,6811,,,2
287,457,Undirected,6812,,,2
310,292,Undirected,6813,,,2
455,456,Undirected,6817,,,2
455,457,Undirected,6818,,,2
693,694,Undirected,6822,,,2
693,695,Undirected,6823,,,2
694,695,Undirected,6828,,,2
819,820,Undirected,6832,,,2
576,577,Undirected,6834,,,2
576,574,Undirected,6835,,,2
576,578,Undirected,6836,,,2
576,579,Undirected,6837,,,2
200,201,Undirected,6841,,,2
200,253,Undirected,6843,,,2
200,59,Undirected,6844,,,2
200,1025,Undirected,6845,,,2
188,189,Undirected,6848,,,2
790,795,Undirected,6850,,,2
790,836,Undirected,6851,,,2
790,943,Undirected,6858,,,2
790,139,Undirected,6859,,,2
790,634,Undirected,6860,,,2
790,944,Undirected,6861,,,2
166,167,Undirected,6863,,,2
81,766,Undirected,6867,,,2
81,767,Undirected,6868,,,2
81,1003,Undirected,6870,,,2
81,527,Undirected,6875,,,2
81,1304,Undirected,6876,,,2
81,1305,Undirected,6877,,,2
987,984,Undirected,6879,,,2
987,985,Undirected,6880,,,2
1101,1102,Undirected,6883,,,2
1101,203,Undirected,6884,,,2
1152,1153,Undirected,6888,,,2
158,1061,Undirected,6895,,,2
1130,223,Undirected,6899,,,2
1130,53,Undirected,6900,,,2
541,669,Undirected,6904,,,2
877,878,Undirected,6916,,,2
877,341,Undirected,6917,,,2
478,479,Undirected,6924,,,2
785,118,Undirected,6927,,,2
785,795,Undirected,6931,,,2
785,197,Undirected,6932,,,2
772,769,Undirected,6933,,,2
772,771,Undirected,6935,,,2
772,773,Undirected,6938,,,2
772,774,Undirected,6939,,,2
772,853,Undirected,6943,,,2
223,53,Undirected,6946,,,2
223,232,Undirected,6947,,,2
223,464,Undirected,6948,,,2
223,1174,Undirected,6951,,,2
266,272,Undirected,6955,,,2
266,976,Undirected,6956,,,2
671,237,Undirected,6959,,,2
671,201,Undirected,6960,,,2
680,681,Undirected,6961,,,2
680,682,Undirected,6962,,,2
237,201,Undirected,6966,,,2
99,100,Undirected,6968,,,2
99,129,Undirected,6971,,,2
99,80,Undirected,6974,,,2
99,366,Undirected,6975,,,2
99,239,Undirected,6977,,,2
527,1304,Undirected,6982,,,2
527,1305,Undirected,6983,,,2
53,232,Undirected,6989,,,2
53,814,Undirected,6993,,,2
272,976,Undirected,7000,,,2
924,925,Undirected,7003,,,2
924,634,Undirected,7004,,,2
1069,1065,Undirected,7005,,,2
1069,1068,Undirected,7011,,,2
1069,1070,Undirected,7012,,,2
1069,59,Undirected,7013,,,2
1069,634,Undirected,7014,,,2
912,118,Undirected,7022,,,2
833,834,Undirected,7024,,,2
833,795,Undirected,7025,,,2
833,835,Undirected,7026,,,2
834,795,Undirected,7029,,,2
834,835,Undirected,7030,,,2
795,197,Undirected,7037,,,2
795,835,Undirected,7041,,,2
795,836,Undirected,7043,,,2
810,139,Undirected,7044,,,2
420,793,Undirected,7047,,,2
423,463,Undirected,7049,,,2
423,447,Undirected,7050,,,2
423,1094,Undirected,7051,,,2
966,45,Undirected,7057,,,2
215,45,Undirected,7060,,,2
70,887,Undirected,7081,,,2
189,130,Undirected,7089,,,2
189,645,Undirected,7090,,,2
553,552,Undirected,7095,,,2
553,554,Undirected,7096,,,2
943,139,Undirected,7102,,,2
943,634,Undirected,7103,,,2
943,944,Undirected,7104,,,2
953,63,Undirected,7107,,,2
253,59,Undirected,7112,,,2
311,292,Undirected,7114,,,2
311,312,Undirected,7115,,,2
577,574,Undirected,7118,,,2
577,578,Undirected,7119,,,2
577,579,Undirected,7120,,,2
290,291,Undirected,7125,,,2
290,292,Undirected,7126,,,2
290,293,Undirected,7127,,,2
290,74,Undirected,7129,,,2
286,222,Undirected,7133,,,2
277,222,Undirected,7138,,,2
277,746,Undirected,7139,,,2
277,747,Undirected,7140,,,2
222,746,Undirected,7150,,,2
222,747,Undirected,7151,,,2
222,131,Undirected,7152,,,2
746,747,Undirected,7158,,,2
1070,1065,Undirected,7159,,,2
1070,1068,Undirected,7165,,,2
1070,59,Undirected,7167,,,2
1070,634,Undirected,7168,,,2
1070,139,Undirected,7169,,,2
197,198,Undirected,7171,,,2
197,334,Undirected,7177,,,2
752,753,Undirected,7187,,,2
752,754,Undirected,7188,,,2
59,139,Undirected,7191,,,2
59,203,Undirected,7192,,,2
59,701,Undirected,7199,,,2
59,192,Undirected,7201,,,2
59,1025,Undirected,7202,,,2
59,1065,Undirected,7203,,,2
59,1068,Undirected,7208,,,2
59,634,Undirected,7211,,,2
984,985,Undirected,7214,,,2
773,769,Undirected,7222,,,2
773,771,Undirected,7224,,,2
773,774,Undirected,7228,,,2
364,213,Undirected,7237,,,2
1304,1305,Undirected,7242,,,2
1015,417,Undirected,7243,,,2
1015,1016,Undirected,7244,,,2
911,640,Undirected,7245,,,2
138,139,Undirected,7250,,,2
138,140,Undirected,7251,,,2
341,878,Undirected,7261,,,2
472,484,Undirected,7272,,,2
985,681,Undirected,7277,,,2
985,775,Undirected,7278,,,2
985,181,Undirected,7279,,,2
1208,45,Undirected,7288,,,2
574,226,Undirected,7292,,,2
574,578,Undirected,7296,,,2
574,579,Undirected,7297,,,2
842,841,Undirected,7299,,,2
235,236,Undirected,7302,,,2
1307,775,Undirected,7308,,,2
681,682,Undirected,7310,,,2
681,775,Undirected,7313,,,2
681,181,Undirected,7314,,,2
766,767,Undirected,7321,,,2
79,80,Undirected,7323,,,2
1270,640,Undirected,7326,,,2
774,769,Undirected,7331,,,2
774,771,Undirected,7333,,,2
139,140,Undirected,7341,,,2
139,203,Undirected,7344,,,2
139,634,Undirected,7353,,,2
139,944,Undirected,7354,,,2
578,579,Undirected,7370,,,2
1020,109,Undirected,7372,,,2
775,181,Undirected,7380,,,2
851,45,Undirected,7384,,,2
45,44,Undirected,7387,,,2
45,46,Undirected,7388,,,2
45,822,Undirected,7398,,,2
497,782,Undirected,7409,,,2
236,779,Undirected,7415,,,2
236,133,Undirected,7417,,,2
493,904,Undirected,7424,,,2
1120,1121,Undirected,7444,,,2
605,140,Undirected,7445,,,2
366,80,Undirected,7450,,,2
130,645,Undirected,7456,,,2
63,209,Undirected,7478,,,2
63,779,Undirected,7479,,,2
456,457,Undirected,7491,,,2
979,980,Undirected,7495,,,2
1221,140,Undirected,7497,,,2
563,203,Undirected,7498,,,2
291,292,Undirected,7506,,,2
291,293,Undirected,7507,,,2
109,164,Undirected,7521,,,2
46,44,Undirected,7546,,,2
292,293,Undirected,7552,,,2
292,312,Undirected,7556,,,2
753,754,Undirected,7566,,,2
424,425,Undirected,7568,,,2
554,552,Undirected,7570,,,2
447,239,Undirected,7598,,,2
447,1094,Undirected,7600,,,2
634,925,Undirected,7613,,,2
634,944,Undirected,7621,,,2
634,1065,Undirected,7622,,,2
634,1068,Undirected,7628,,,2
781,782,Undirected,7636,,,2
303,304,Undirected,7639,,,2
1092,44,Undirected,7681,,,2
417,1016,Undirected,7698,,,2
1102,203,Undirected,7711,,,2
769,771,Undirected,7747,,,2
1065,1068,Undirected,7758,,,2
1053,1073,Undirected,7807,,,2
